PRAGMA foreign_keys=ON;
-- city.csv
INSERT INTO city (city_id, latitude, longitude) VALUES('amsterdam', '52.3731', '4.8922');
INSERT INTO city (city_id, latitude, longitude) VALUES('athens', '37.9667', '23.7167');
INSERT INTO city (city_id, latitude, longitude) VALUES('berlin', '52.5167', '13.3833');
INSERT INTO city (city_id, latitude, longitude) VALUES('bratislava', '48.1439', '17.1097');
INSERT INTO city (city_id, latitude, longitude) VALUES('brussels', '50.85', '4.35');
INSERT INTO city (city_id, latitude, longitude) VALUES('bucharest', '44.4325', '26.1039');
INSERT INTO city (city_id, latitude, longitude) VALUES('budapest', '47.4719', '19.0503');
INSERT INTO city (city_id, latitude, longitude) VALUES('copenhagen', '55.6761', '12.5683');
INSERT INTO city (city_id, latitude, longitude) VALUES('dublin', '53.3478', '-6.2597');
INSERT INTO city (city_id, latitude, longitude) VALUES('helsinki', '60.1708', '24.9375');
INSERT INTO city (city_id, latitude, longitude) VALUES('lisbon', '38.7136', '-9.1392');
INSERT INTO city (city_id, latitude, longitude) VALUES('ljubljana', '46.0556', '14.5083');
INSERT INTO city (city_id, latitude, longitude) VALUES('london', '51.5072', '-0.1275');
INSERT INTO city (city_id, latitude, longitude) VALUES('luxembourg', '49.6117', '6.13');
INSERT INTO city (city_id, latitude, longitude) VALUES('madrid', '40.3833', '-3.7167');
INSERT INTO city (city_id, latitude, longitude) VALUES('nicosia', '35.1667', '33.3667');
INSERT INTO city (city_id, latitude, longitude) VALUES('paris', '48.8567', '2.3508');
INSERT INTO city (city_id, latitude, longitude) VALUES('prague', '50.0833', '14.4167');
INSERT INTO city (city_id, latitude, longitude) VALUES('riga', '56.9489', '24.1064');
INSERT INTO city (city_id, latitude, longitude) VALUES('rome', '41.9', '12.5');
INSERT INTO city (city_id, latitude, longitude) VALUES('sofia', '42.7', '23.3333');
INSERT INTO city (city_id, latitude, longitude) VALUES('stockholm', '59.3294', '18.0686');
INSERT INTO city (city_id, latitude, longitude) VALUES('tallinn', '59.4372', '24.7453');
INSERT INTO city (city_id, latitude, longitude) VALUES('valletta', '35.8978', '14.5125');
INSERT INTO city (city_id, latitude, longitude) VALUES('vienna', '48.2089', '16.3725');
INSERT INTO city (city_id, latitude, longitude) VALUES('vilnius', '54.6833', '25.2833');
INSERT INTO city (city_id, latitude, longitude) VALUES('warsaw', '52.2333', '21.0167');
INSERT INTO city (city_id, latitude, longitude) VALUES('zagreb', '45.8167', '15.9833');
-- city_name.csv
INSERT INTO city_name (city_id, language_code, name) VALUES('amsterdam', 'bg', 'Амстердам');
INSERT INTO city_name (city_id, language_code, name) VALUES('amsterdam', 'cs', 'Amsterdam');
INSERT INTO city_name (city_id, language_code, name) VALUES('amsterdam', 'da', 'Amsterdam');
INSERT INTO city_name (city_id, language_code, name) VALUES('amsterdam', 'de', 'Amsterdam');
INSERT INTO city_name (city_id, language_code, name) VALUES('amsterdam', 'el', 'Άμστερνταμ');
INSERT INTO city_name (city_id, language_code, name) VALUES('amsterdam', 'en', 'Amsterdam');
INSERT INTO city_name (city_id, language_code, name) VALUES('amsterdam', 'es', 'Ámsterdam');
INSERT INTO city_name (city_id, language_code, name) VALUES('amsterdam', 'et', 'Amsterdam');
INSERT INTO city_name (city_id, language_code, name) VALUES('amsterdam', 'fi', 'Amsterdam');
INSERT INTO city_name (city_id, language_code, name) VALUES('amsterdam', 'fr', 'Amsterdam');
INSERT INTO city_name (city_id, language_code, name) VALUES('amsterdam', 'ga', 'Amstardam');
INSERT INTO city_name (city_id, language_code, name) VALUES('amsterdam', 'hr', 'Amsterdam');
INSERT INTO city_name (city_id, language_code, name) VALUES('amsterdam', 'hu', 'Amszterdam');
INSERT INTO city_name (city_id, language_code, name) VALUES('amsterdam', 'it', 'Amsterdam');
INSERT INTO city_name (city_id, language_code, name) VALUES('amsterdam', 'lt', 'Amsterdamas');
INSERT INTO city_name (city_id, language_code, name) VALUES('amsterdam', 'lv', 'Amsterdama');
INSERT INTO city_name (city_id, language_code, name) VALUES('amsterdam', 'mt', 'Amsterdam');
INSERT INTO city_name (city_id, language_code, name) VALUES('amsterdam', 'nl', 'Amsterdam');
INSERT INTO city_name (city_id, language_code, name) VALUES('amsterdam', 'pl', 'Amsterdam');
INSERT INTO city_name (city_id, language_code, name) VALUES('amsterdam', 'pt', 'Amesterdão');
INSERT INTO city_name (city_id, language_code, name) VALUES('amsterdam', 'ro', 'Amsterdam');
INSERT INTO city_name (city_id, language_code, name) VALUES('amsterdam', 'sk', 'Amsterdam');
INSERT INTO city_name (city_id, language_code, name) VALUES('amsterdam', 'sl', 'Amsterdam');
INSERT INTO city_name (city_id, language_code, name) VALUES('amsterdam', 'sv', 'Amsterdam');
INSERT INTO city_name (city_id, language_code, name) VALUES('athens', 'bg', 'Атина');
INSERT INTO city_name (city_id, language_code, name) VALUES('athens', 'cs', 'Atény');
INSERT INTO city_name (city_id, language_code, name) VALUES('athens', 'da', 'Athen');
INSERT INTO city_name (city_id, language_code, name) VALUES('athens', 'de', 'Athen');
INSERT INTO city_name (city_id, language_code, name) VALUES('athens', 'el', 'Αθήνα');
INSERT INTO city_name (city_id, language_code, name) VALUES('athens', 'en', 'Athens');
INSERT INTO city_name (city_id, language_code, name) VALUES('athens', 'es', 'Atenas');
INSERT INTO city_name (city_id, language_code, name) VALUES('athens', 'et', 'Ateena');
INSERT INTO city_name (city_id, language_code, name) VALUES('athens', 'fi', 'Ateena');
INSERT INTO city_name (city_id, language_code, name) VALUES('athens', 'fr', 'Athènes');
INSERT INTO city_name (city_id, language_code, name) VALUES('athens', 'ga', 'An Aithin');
INSERT INTO city_name (city_id, language_code, name) VALUES('athens', 'hr', 'Atena');
INSERT INTO city_name (city_id, language_code, name) VALUES('athens', 'hu', 'Athén');
INSERT INTO city_name (city_id, language_code, name) VALUES('athens', 'it', 'Atene');
INSERT INTO city_name (city_id, language_code, name) VALUES('athens', 'lt', 'Atėnai');
INSERT INTO city_name (city_id, language_code, name) VALUES('athens', 'lv', 'Atēnas');
INSERT INTO city_name (city_id, language_code, name) VALUES('athens', 'mt', 'Ateni');
INSERT INTO city_name (city_id, language_code, name) VALUES('athens', 'nl', 'Athene');
INSERT INTO city_name (city_id, language_code, name) VALUES('athens', 'pl', 'Ateny');
INSERT INTO city_name (city_id, language_code, name) VALUES('athens', 'pt', 'Atenas');
INSERT INTO city_name (city_id, language_code, name) VALUES('athens', 'ro', 'Atena');
INSERT INTO city_name (city_id, language_code, name) VALUES('athens', 'sk', 'Atény');
INSERT INTO city_name (city_id, language_code, name) VALUES('athens', 'sl', 'Atene');
INSERT INTO city_name (city_id, language_code, name) VALUES('athens', 'sv', 'Aten');
INSERT INTO city_name (city_id, language_code, name) VALUES('berlin', 'bg', 'Берлин');
INSERT INTO city_name (city_id, language_code, name) VALUES('berlin', 'cs', 'Berlin');
INSERT INTO city_name (city_id, language_code, name) VALUES('berlin', 'da', 'Berlin');
INSERT INTO city_name (city_id, language_code, name) VALUES('berlin', 'de', 'Berlin');
INSERT INTO city_name (city_id, language_code, name) VALUES('berlin', 'el', 'Βερολίνο');
INSERT INTO city_name (city_id, language_code, name) VALUES('berlin', 'en', 'Berlin');
INSERT INTO city_name (city_id, language_code, name) VALUES('berlin', 'es', 'Berlín');
INSERT INTO city_name (city_id, language_code, name) VALUES('berlin', 'et', 'Berliin');
INSERT INTO city_name (city_id, language_code, name) VALUES('berlin', 'fi', 'Berliini');
INSERT INTO city_name (city_id, language_code, name) VALUES('berlin', 'fr', 'Berlin');
INSERT INTO city_name (city_id, language_code, name) VALUES('berlin', 'ga', 'Beirlín');
INSERT INTO city_name (city_id, language_code, name) VALUES('berlin', 'hr', 'Berlin');
INSERT INTO city_name (city_id, language_code, name) VALUES('berlin', 'hu', 'Berlin');
INSERT INTO city_name (city_id, language_code, name) VALUES('berlin', 'it', 'Berlino');
INSERT INTO city_name (city_id, language_code, name) VALUES('berlin', 'lt', 'Berlynas');
INSERT INTO city_name (city_id, language_code, name) VALUES('berlin', 'lv', 'Berlīne');
INSERT INTO city_name (city_id, language_code, name) VALUES('berlin', 'mt', 'Berlin');
INSERT INTO city_name (city_id, language_code, name) VALUES('berlin', 'nl', 'Berlijn');
INSERT INTO city_name (city_id, language_code, name) VALUES('berlin', 'pl', 'Berlin');
INSERT INTO city_name (city_id, language_code, name) VALUES('berlin', 'pt', 'Berlim');
INSERT INTO city_name (city_id, language_code, name) VALUES('berlin', 'ro', 'Berlin');
INSERT INTO city_name (city_id, language_code, name) VALUES('berlin', 'sk', 'Berlín');
INSERT INTO city_name (city_id, language_code, name) VALUES('berlin', 'sl', 'Berlin');
INSERT INTO city_name (city_id, language_code, name) VALUES('berlin', 'sv', 'Berlin');
INSERT INTO city_name (city_id, language_code, name) VALUES('bratislava', 'bg', 'Братислава');
INSERT INTO city_name (city_id, language_code, name) VALUES('bratislava', 'cs', 'Bratislava');
INSERT INTO city_name (city_id, language_code, name) VALUES('bratislava', 'da', 'Bratislava');
INSERT INTO city_name (city_id, language_code, name) VALUES('bratislava', 'de', 'Bratislava');
INSERT INTO city_name (city_id, language_code, name) VALUES('bratislava', 'el', 'Μπρατισλάβα');
INSERT INTO city_name (city_id, language_code, name) VALUES('bratislava', 'en', 'Bratislava');
INSERT INTO city_name (city_id, language_code, name) VALUES('bratislava', 'es', 'Bratislava');
INSERT INTO city_name (city_id, language_code, name) VALUES('bratislava', 'et', 'Bratislava');
INSERT INTO city_name (city_id, language_code, name) VALUES('bratislava', 'fi', 'Bratislava');
INSERT INTO city_name (city_id, language_code, name) VALUES('bratislava', 'fr', 'Bratislava');
INSERT INTO city_name (city_id, language_code, name) VALUES('bratislava', 'ga', 'an Bhratasláiv');
INSERT INTO city_name (city_id, language_code, name) VALUES('bratislava', 'hr', 'Bratislava');
INSERT INTO city_name (city_id, language_code, name) VALUES('bratislava', 'hu', 'Pozsony');
INSERT INTO city_name (city_id, language_code, name) VALUES('bratislava', 'it', 'Bratislava');
INSERT INTO city_name (city_id, language_code, name) VALUES('bratislava', 'lt', 'Bratislava');
INSERT INTO city_name (city_id, language_code, name) VALUES('bratislava', 'lv', 'Bratislava');
INSERT INTO city_name (city_id, language_code, name) VALUES('bratislava', 'mt', 'Bratislava');
INSERT INTO city_name (city_id, language_code, name) VALUES('bratislava', 'nl', 'Bratislava');
INSERT INTO city_name (city_id, language_code, name) VALUES('bratislava', 'pl', 'Bratysława');
INSERT INTO city_name (city_id, language_code, name) VALUES('bratislava', 'pt', 'Bratislava');
INSERT INTO city_name (city_id, language_code, name) VALUES('bratislava', 'ro', 'Bratislava');
INSERT INTO city_name (city_id, language_code, name) VALUES('bratislava', 'sk', 'Bratislava');
INSERT INTO city_name (city_id, language_code, name) VALUES('bratislava', 'sl', 'Bratislava');
INSERT INTO city_name (city_id, language_code, name) VALUES('bratislava', 'sv', 'Bratislava');
INSERT INTO city_name (city_id, language_code, name) VALUES('brussels', 'bg', 'Брюксел');
INSERT INTO city_name (city_id, language_code, name) VALUES('brussels', 'cs', 'Brusel');
INSERT INTO city_name (city_id, language_code, name) VALUES('brussels', 'da', 'Bruxelles');
INSERT INTO city_name (city_id, language_code, name) VALUES('brussels', 'de', 'Brüssel');
INSERT INTO city_name (city_id, language_code, name) VALUES('brussels', 'el', 'Βρυξέλλες');
INSERT INTO city_name (city_id, language_code, name) VALUES('brussels', 'en', 'Brussels');
INSERT INTO city_name (city_id, language_code, name) VALUES('brussels', 'es', 'Bruselas');
INSERT INTO city_name (city_id, language_code, name) VALUES('brussels', 'et', 'Brüssel');
INSERT INTO city_name (city_id, language_code, name) VALUES('brussels', 'fi', 'Brysseli');
INSERT INTO city_name (city_id, language_code, name) VALUES('brussels', 'fr', 'Bruxelles');
INSERT INTO city_name (city_id, language_code, name) VALUES('brussels', 'ga', 'an Bhruiséil');
INSERT INTO city_name (city_id, language_code, name) VALUES('brussels', 'hr', 'Bruxelles');
INSERT INTO city_name (city_id, language_code, name) VALUES('brussels', 'hu', 'Brüsszel');
INSERT INTO city_name (city_id, language_code, name) VALUES('brussels', 'it', 'Bruxelles');
INSERT INTO city_name (city_id, language_code, name) VALUES('brussels', 'lt', 'Briuselis');
INSERT INTO city_name (city_id, language_code, name) VALUES('brussels', 'lv', 'Brisele');
INSERT INTO city_name (city_id, language_code, name) VALUES('brussels', 'mt', 'Brussell');
INSERT INTO city_name (city_id, language_code, name) VALUES('brussels', 'nl', 'Brussel');
INSERT INTO city_name (city_id, language_code, name) VALUES('brussels', 'pl', 'Bruksela');
INSERT INTO city_name (city_id, language_code, name) VALUES('brussels', 'pt', 'Bruxelas');
INSERT INTO city_name (city_id, language_code, name) VALUES('brussels', 'ro', 'Bruxelles');
INSERT INTO city_name (city_id, language_code, name) VALUES('brussels', 'sk', 'Brusel');
INSERT INTO city_name (city_id, language_code, name) VALUES('brussels', 'sl', 'Bruselj');
INSERT INTO city_name (city_id, language_code, name) VALUES('brussels', 'sv', 'Bryssel');
INSERT INTO city_name (city_id, language_code, name) VALUES('bucharest', 'bg', 'Букурещ');
INSERT INTO city_name (city_id, language_code, name) VALUES('bucharest', 'cs', 'Bukurešť');
INSERT INTO city_name (city_id, language_code, name) VALUES('bucharest', 'da', 'Bukarest');
INSERT INTO city_name (city_id, language_code, name) VALUES('bucharest', 'de', 'Bukarest');
INSERT INTO city_name (city_id, language_code, name) VALUES('bucharest', 'el', 'Βουκουρέστι');
INSERT INTO city_name (city_id, language_code, name) VALUES('bucharest', 'en', 'Bucharest');
INSERT INTO city_name (city_id, language_code, name) VALUES('bucharest', 'es', 'Bucarest');
INSERT INTO city_name (city_id, language_code, name) VALUES('bucharest', 'et', 'Bukarest');
INSERT INTO city_name (city_id, language_code, name) VALUES('bucharest', 'fi', 'Bukarest');
INSERT INTO city_name (city_id, language_code, name) VALUES('bucharest', 'fr', 'Bucarest');
INSERT INTO city_name (city_id, language_code, name) VALUES('bucharest', 'ga', 'Búcairist');
INSERT INTO city_name (city_id, language_code, name) VALUES('bucharest', 'hr', 'Bukurešt');
INSERT INTO city_name (city_id, language_code, name) VALUES('bucharest', 'hu', 'Bukarest');
INSERT INTO city_name (city_id, language_code, name) VALUES('bucharest', 'it', 'Bucharest');
INSERT INTO city_name (city_id, language_code, name) VALUES('bucharest', 'lt', 'Bukareštas');
INSERT INTO city_name (city_id, language_code, name) VALUES('bucharest', 'lv', 'Bukareste');
INSERT INTO city_name (city_id, language_code, name) VALUES('bucharest', 'mt', 'Bukarest');
INSERT INTO city_name (city_id, language_code, name) VALUES('bucharest', 'nl', 'Boekarest');
INSERT INTO city_name (city_id, language_code, name) VALUES('bucharest', 'pl', 'Bukareszt');
INSERT INTO city_name (city_id, language_code, name) VALUES('bucharest', 'pt', 'Bucareste');
INSERT INTO city_name (city_id, language_code, name) VALUES('bucharest', 'ro', 'București');
INSERT INTO city_name (city_id, language_code, name) VALUES('bucharest', 'sk', 'Bukurešť');
INSERT INTO city_name (city_id, language_code, name) VALUES('bucharest', 'sl', 'Bukarešta');
INSERT INTO city_name (city_id, language_code, name) VALUES('bucharest', 'sv', 'Bukarest');
INSERT INTO city_name (city_id, language_code, name) VALUES('budapest', 'bg', 'Будапеща');
INSERT INTO city_name (city_id, language_code, name) VALUES('budapest', 'cs', 'Budapešť');
INSERT INTO city_name (city_id, language_code, name) VALUES('budapest', 'da', 'Budapest');
INSERT INTO city_name (city_id, language_code, name) VALUES('budapest', 'de', 'Budapest');
INSERT INTO city_name (city_id, language_code, name) VALUES('budapest', 'el', 'Βουδαπέστη');
INSERT INTO city_name (city_id, language_code, name) VALUES('budapest', 'en', 'Budapest');
INSERT INTO city_name (city_id, language_code, name) VALUES('budapest', 'es', 'Budapest');
INSERT INTO city_name (city_id, language_code, name) VALUES('budapest', 'et', 'Budapest');
INSERT INTO city_name (city_id, language_code, name) VALUES('budapest', 'fi', 'Budapest');
INSERT INTO city_name (city_id, language_code, name) VALUES('budapest', 'fr', 'Budapest');
INSERT INTO city_name (city_id, language_code, name) VALUES('budapest', 'ga', 'Búdaipeist');
INSERT INTO city_name (city_id, language_code, name) VALUES('budapest', 'hr', 'Budimpešta');
INSERT INTO city_name (city_id, language_code, name) VALUES('budapest', 'hu', 'Budapest');
INSERT INTO city_name (city_id, language_code, name) VALUES('budapest', 'it', 'Budapest');
INSERT INTO city_name (city_id, language_code, name) VALUES('budapest', 'lt', 'Budapeštas');
INSERT INTO city_name (city_id, language_code, name) VALUES('budapest', 'lv', 'Budapešta');
INSERT INTO city_name (city_id, language_code, name) VALUES('budapest', 'mt', 'Budapest');
INSERT INTO city_name (city_id, language_code, name) VALUES('budapest', 'nl', 'Boedapest');
INSERT INTO city_name (city_id, language_code, name) VALUES('budapest', 'pl', 'Budapeszt');
INSERT INTO city_name (city_id, language_code, name) VALUES('budapest', 'pt', 'Budapeste');
INSERT INTO city_name (city_id, language_code, name) VALUES('budapest', 'ro', 'Budapesta');
INSERT INTO city_name (city_id, language_code, name) VALUES('budapest', 'sk', 'Budapešť');
INSERT INTO city_name (city_id, language_code, name) VALUES('budapest', 'sl', 'Budimpešta');
INSERT INTO city_name (city_id, language_code, name) VALUES('budapest', 'sv', 'Budapest');
INSERT INTO city_name (city_id, language_code, name) VALUES('copenhagen', 'bg', 'Копенхаген');
INSERT INTO city_name (city_id, language_code, name) VALUES('copenhagen', 'cs', 'Kodaň');
INSERT INTO city_name (city_id, language_code, name) VALUES('copenhagen', 'da', 'København');
INSERT INTO city_name (city_id, language_code, name) VALUES('copenhagen', 'de', 'Kopenhagen');
INSERT INTO city_name (city_id, language_code, name) VALUES('copenhagen', 'el', 'Κοπεγχάγη');
INSERT INTO city_name (city_id, language_code, name) VALUES('copenhagen', 'en', 'Copenhagen');
INSERT INTO city_name (city_id, language_code, name) VALUES('copenhagen', 'es', 'Copenhague');
INSERT INTO city_name (city_id, language_code, name) VALUES('copenhagen', 'et', 'Kopenhaagen');
INSERT INTO city_name (city_id, language_code, name) VALUES('copenhagen', 'fi', 'Kööpenhamina');
INSERT INTO city_name (city_id, language_code, name) VALUES('copenhagen', 'fr', 'Copenhague');
INSERT INTO city_name (city_id, language_code, name) VALUES('copenhagen', 'ga', 'Cóbanhávan');
INSERT INTO city_name (city_id, language_code, name) VALUES('copenhagen', 'hr', 'Kopenhagen');
INSERT INTO city_name (city_id, language_code, name) VALUES('copenhagen', 'hu', 'Koppenhága');
INSERT INTO city_name (city_id, language_code, name) VALUES('copenhagen', 'it', 'Copenaghen');
INSERT INTO city_name (city_id, language_code, name) VALUES('copenhagen', 'lt', 'Kopenhaga');
INSERT INTO city_name (city_id, language_code, name) VALUES('copenhagen', 'lv', 'Kopenhāgena');
INSERT INTO city_name (city_id, language_code, name) VALUES('copenhagen', 'mt', 'Kopenħagen');
INSERT INTO city_name (city_id, language_code, name) VALUES('copenhagen', 'nl', 'Kopenhagen');
INSERT INTO city_name (city_id, language_code, name) VALUES('copenhagen', 'pl', 'Kopenhaga');
INSERT INTO city_name (city_id, language_code, name) VALUES('copenhagen', 'pt', 'Copenhaga');
INSERT INTO city_name (city_id, language_code, name) VALUES('copenhagen', 'ro', 'Copenhaga');
INSERT INTO city_name (city_id, language_code, name) VALUES('copenhagen', 'sk', 'Kodaň');
INSERT INTO city_name (city_id, language_code, name) VALUES('copenhagen', 'sl', 'København');
INSERT INTO city_name (city_id, language_code, name) VALUES('copenhagen', 'sv', 'Köpenhamn');
INSERT INTO city_name (city_id, language_code, name) VALUES('dublin', 'bg', 'Дъблин');
INSERT INTO city_name (city_id, language_code, name) VALUES('dublin', 'cs', 'Dublin');
INSERT INTO city_name (city_id, language_code, name) VALUES('dublin', 'da', 'Dublin');
INSERT INTO city_name (city_id, language_code, name) VALUES('dublin', 'de', 'Dublin');
INSERT INTO city_name (city_id, language_code, name) VALUES('dublin', 'el', 'Δουβλίνο');
INSERT INTO city_name (city_id, language_code, name) VALUES('dublin', 'en', 'Dublin');
INSERT INTO city_name (city_id, language_code, name) VALUES('dublin', 'es', 'Dublín');
INSERT INTO city_name (city_id, language_code, name) VALUES('dublin', 'et', 'Dublin');
INSERT INTO city_name (city_id, language_code, name) VALUES('dublin', 'fi', 'Dublin');
INSERT INTO city_name (city_id, language_code, name) VALUES('dublin', 'fr', 'Dublin');
INSERT INTO city_name (city_id, language_code, name) VALUES('dublin', 'ga', 'Baile Átha Cliath');
INSERT INTO city_name (city_id, language_code, name) VALUES('dublin', 'hr', 'Dublin');
INSERT INTO city_name (city_id, language_code, name) VALUES('dublin', 'hu', 'Dublin');
INSERT INTO city_name (city_id, language_code, name) VALUES('dublin', 'it', 'Dublino');
INSERT INTO city_name (city_id, language_code, name) VALUES('dublin', 'lt', 'Dublinas');
INSERT INTO city_name (city_id, language_code, name) VALUES('dublin', 'lv', 'Dublina');
INSERT INTO city_name (city_id, language_code, name) VALUES('dublin', 'mt', 'Dublin');
INSERT INTO city_name (city_id, language_code, name) VALUES('dublin', 'nl', 'Dublin');
INSERT INTO city_name (city_id, language_code, name) VALUES('dublin', 'pl', 'Dublin');
INSERT INTO city_name (city_id, language_code, name) VALUES('dublin', 'pt', 'Dublin');
INSERT INTO city_name (city_id, language_code, name) VALUES('dublin', 'ro', 'Dublin');
INSERT INTO city_name (city_id, language_code, name) VALUES('dublin', 'sk', 'Dublin');
INSERT INTO city_name (city_id, language_code, name) VALUES('dublin', 'sl', 'Dublin');
INSERT INTO city_name (city_id, language_code, name) VALUES('dublin', 'sv', 'Dublin');
INSERT INTO city_name (city_id, language_code, name) VALUES('helsinki', 'bg', 'Хелзинки');
INSERT INTO city_name (city_id, language_code, name) VALUES('helsinki', 'cs', 'Helsinky');
INSERT INTO city_name (city_id, language_code, name) VALUES('helsinki', 'da', 'Helsinki');
INSERT INTO city_name (city_id, language_code, name) VALUES('helsinki', 'de', 'Helsinki');
INSERT INTO city_name (city_id, language_code, name) VALUES('helsinki', 'el', 'Ελσίνκι');
INSERT INTO city_name (city_id, language_code, name) VALUES('helsinki', 'en', 'Helsinki');
INSERT INTO city_name (city_id, language_code, name) VALUES('helsinki', 'es', 'Helsinki');
INSERT INTO city_name (city_id, language_code, name) VALUES('helsinki', 'et', 'Helsingi');
INSERT INTO city_name (city_id, language_code, name) VALUES('helsinki', 'fi', 'Helsinki');
INSERT INTO city_name (city_id, language_code, name) VALUES('helsinki', 'fr', 'Helsinki');
INSERT INTO city_name (city_id, language_code, name) VALUES('helsinki', 'ga', 'Heilsincí');
INSERT INTO city_name (city_id, language_code, name) VALUES('helsinki', 'hr', 'Helsinki');
INSERT INTO city_name (city_id, language_code, name) VALUES('helsinki', 'hu', 'Helsinki');
INSERT INTO city_name (city_id, language_code, name) VALUES('helsinki', 'it', 'Helsinki');
INSERT INTO city_name (city_id, language_code, name) VALUES('helsinki', 'lt', 'Helsinkis');
INSERT INTO city_name (city_id, language_code, name) VALUES('helsinki', 'lv', 'Helsinki');
INSERT INTO city_name (city_id, language_code, name) VALUES('helsinki', 'mt', 'Ħelsinki');
INSERT INTO city_name (city_id, language_code, name) VALUES('helsinki', 'nl', 'Helsinki');
INSERT INTO city_name (city_id, language_code, name) VALUES('helsinki', 'pl', 'Helsinki');
INSERT INTO city_name (city_id, language_code, name) VALUES('helsinki', 'pt', 'Helsínquia');
INSERT INTO city_name (city_id, language_code, name) VALUES('helsinki', 'ro', 'Helsinki');
INSERT INTO city_name (city_id, language_code, name) VALUES('helsinki', 'sk', 'Helsinki');
INSERT INTO city_name (city_id, language_code, name) VALUES('helsinki', 'sl', 'Helsinki');
INSERT INTO city_name (city_id, language_code, name) VALUES('helsinki', 'sv', 'Helsingfors');
INSERT INTO city_name (city_id, language_code, name) VALUES('lisbon', 'bg', 'Лисабон');
INSERT INTO city_name (city_id, language_code, name) VALUES('lisbon', 'cs', 'Lisabon');
INSERT INTO city_name (city_id, language_code, name) VALUES('lisbon', 'da', 'Lissabon');
INSERT INTO city_name (city_id, language_code, name) VALUES('lisbon', 'de', 'Lissabon');
INSERT INTO city_name (city_id, language_code, name) VALUES('lisbon', 'el', 'Λισαβόνα');
INSERT INTO city_name (city_id, language_code, name) VALUES('lisbon', 'en', 'Lisbon');
INSERT INTO city_name (city_id, language_code, name) VALUES('lisbon', 'es', 'Lisboa');
INSERT INTO city_name (city_id, language_code, name) VALUES('lisbon', 'et', 'Lissabon');
INSERT INTO city_name (city_id, language_code, name) VALUES('lisbon', 'fi', 'Lissabon');
INSERT INTO city_name (city_id, language_code, name) VALUES('lisbon', 'fr', 'Lisbonne');
INSERT INTO city_name (city_id, language_code, name) VALUES('lisbon', 'ga', 'Liospóin');
INSERT INTO city_name (city_id, language_code, name) VALUES('lisbon', 'hr', 'Lisabon');
INSERT INTO city_name (city_id, language_code, name) VALUES('lisbon', 'hu', 'Lisszabon');
INSERT INTO city_name (city_id, language_code, name) VALUES('lisbon', 'it', 'Lisbona');
INSERT INTO city_name (city_id, language_code, name) VALUES('lisbon', 'lt', 'Lisabona');
INSERT INTO city_name (city_id, language_code, name) VALUES('lisbon', 'lv', 'Lisabona');
INSERT INTO city_name (city_id, language_code, name) VALUES('lisbon', 'mt', 'Lisbona');
INSERT INTO city_name (city_id, language_code, name) VALUES('lisbon', 'nl', 'Lissabon');
INSERT INTO city_name (city_id, language_code, name) VALUES('lisbon', 'pl', 'Lizbona');
INSERT INTO city_name (city_id, language_code, name) VALUES('lisbon', 'pt', 'Lisboa');
INSERT INTO city_name (city_id, language_code, name) VALUES('lisbon', 'ro', 'Lisabona');
INSERT INTO city_name (city_id, language_code, name) VALUES('lisbon', 'sk', 'Lisabon');
INSERT INTO city_name (city_id, language_code, name) VALUES('lisbon', 'sl', 'Lizbona');
INSERT INTO city_name (city_id, language_code, name) VALUES('lisbon', 'sv', 'Lissabon');
INSERT INTO city_name (city_id, language_code, name) VALUES('ljubljana', 'bg', 'Любляна');
INSERT INTO city_name (city_id, language_code, name) VALUES('ljubljana', 'cs', 'Lublaň');
INSERT INTO city_name (city_id, language_code, name) VALUES('ljubljana', 'da', 'Ljubljana');
INSERT INTO city_name (city_id, language_code, name) VALUES('ljubljana', 'de', 'Ljubljana');
INSERT INTO city_name (city_id, language_code, name) VALUES('ljubljana', 'el', 'Λιουμπλιάνα');
INSERT INTO city_name (city_id, language_code, name) VALUES('ljubljana', 'en', 'Ljubljana');
INSERT INTO city_name (city_id, language_code, name) VALUES('ljubljana', 'es', 'Liubliana');
INSERT INTO city_name (city_id, language_code, name) VALUES('ljubljana', 'et', 'Ljubljana');
INSERT INTO city_name (city_id, language_code, name) VALUES('ljubljana', 'fi', 'Ljubljana');
INSERT INTO city_name (city_id, language_code, name) VALUES('ljubljana', 'fr', 'Ljubljana');
INSERT INTO city_name (city_id, language_code, name) VALUES('ljubljana', 'ga', 'Liúibleána');
INSERT INTO city_name (city_id, language_code, name) VALUES('ljubljana', 'hr', 'Ljubljana');
INSERT INTO city_name (city_id, language_code, name) VALUES('ljubljana', 'hu', 'Ljubljana');
INSERT INTO city_name (city_id, language_code, name) VALUES('ljubljana', 'it', 'Lubiana');
INSERT INTO city_name (city_id, language_code, name) VALUES('ljubljana', 'lt', 'Liubliana');
INSERT INTO city_name (city_id, language_code, name) VALUES('ljubljana', 'lv', 'Ļubļana');
INSERT INTO city_name (city_id, language_code, name) VALUES('ljubljana', 'mt', 'Ljubljana');
INSERT INTO city_name (city_id, language_code, name) VALUES('ljubljana', 'nl', 'Ljubljana');
INSERT INTO city_name (city_id, language_code, name) VALUES('ljubljana', 'pl', 'Lublana');
INSERT INTO city_name (city_id, language_code, name) VALUES('ljubljana', 'pt', 'Liubliana');
INSERT INTO city_name (city_id, language_code, name) VALUES('ljubljana', 'ro', 'Ljubljana');
INSERT INTO city_name (city_id, language_code, name) VALUES('ljubljana', 'sk', 'Ljubljana');
INSERT INTO city_name (city_id, language_code, name) VALUES('ljubljana', 'sl', 'Ljubljana');
INSERT INTO city_name (city_id, language_code, name) VALUES('ljubljana', 'sv', 'Ľubľana');
INSERT INTO city_name (city_id, language_code, name) VALUES('london', 'bg', 'Лондон');
INSERT INTO city_name (city_id, language_code, name) VALUES('london', 'cs', 'Londýn');
INSERT INTO city_name (city_id, language_code, name) VALUES('london', 'da', 'London');
INSERT INTO city_name (city_id, language_code, name) VALUES('london', 'de', 'London');
INSERT INTO city_name (city_id, language_code, name) VALUES('london', 'el', 'Λονδίνο');
INSERT INTO city_name (city_id, language_code, name) VALUES('london', 'en', 'London');
INSERT INTO city_name (city_id, language_code, name) VALUES('london', 'es', 'Londres');
INSERT INTO city_name (city_id, language_code, name) VALUES('london', 'et', 'London');
INSERT INTO city_name (city_id, language_code, name) VALUES('london', 'fi', 'Lontoo');
INSERT INTO city_name (city_id, language_code, name) VALUES('london', 'fr', 'Londres');
INSERT INTO city_name (city_id, language_code, name) VALUES('london', 'ga', 'Londain');
INSERT INTO city_name (city_id, language_code, name) VALUES('london', 'hr', 'London');
INSERT INTO city_name (city_id, language_code, name) VALUES('london', 'hu', 'London');
INSERT INTO city_name (city_id, language_code, name) VALUES('london', 'it', 'Londra');
INSERT INTO city_name (city_id, language_code, name) VALUES('london', 'lt', 'Londonas');
INSERT INTO city_name (city_id, language_code, name) VALUES('london', 'lv', 'Londona');
INSERT INTO city_name (city_id, language_code, name) VALUES('london', 'mt', 'Londra');
INSERT INTO city_name (city_id, language_code, name) VALUES('london', 'nl', 'Londen');
INSERT INTO city_name (city_id, language_code, name) VALUES('london', 'pl', 'Londyn');
INSERT INTO city_name (city_id, language_code, name) VALUES('london', 'pt', 'Londres');
INSERT INTO city_name (city_id, language_code, name) VALUES('london', 'ro', 'Londra');
INSERT INTO city_name (city_id, language_code, name) VALUES('london', 'sk', 'Londýn');
INSERT INTO city_name (city_id, language_code, name) VALUES('london', 'sl', 'London');
INSERT INTO city_name (city_id, language_code, name) VALUES('london', 'sv', 'London');
INSERT INTO city_name (city_id, language_code, name) VALUES('luxembourg', 'bg', 'Люксембург');
INSERT INTO city_name (city_id, language_code, name) VALUES('luxembourg', 'cs', 'Lucemburk');
INSERT INTO city_name (city_id, language_code, name) VALUES('luxembourg', 'da', 'Luxembourg');
INSERT INTO city_name (city_id, language_code, name) VALUES('luxembourg', 'de', 'Luxemburg');
INSERT INTO city_name (city_id, language_code, name) VALUES('luxembourg', 'el', 'Λουξεμβούργο');
INSERT INTO city_name (city_id, language_code, name) VALUES('luxembourg', 'en', 'Luxembourg');
INSERT INTO city_name (city_id, language_code, name) VALUES('luxembourg', 'es', 'Luxemburgo');
INSERT INTO city_name (city_id, language_code, name) VALUES('luxembourg', 'et', 'Luxembourg');
INSERT INTO city_name (city_id, language_code, name) VALUES('luxembourg', 'fi', 'Luxemburg');
INSERT INTO city_name (city_id, language_code, name) VALUES('luxembourg', 'fr', 'Luxembourg');
INSERT INTO city_name (city_id, language_code, name) VALUES('luxembourg', 'ga', 'Lucsamburg');
INSERT INTO city_name (city_id, language_code, name) VALUES('luxembourg', 'hr', 'Luxembourg');
INSERT INTO city_name (city_id, language_code, name) VALUES('luxembourg', 'hu', 'Luxembourg');
INSERT INTO city_name (city_id, language_code, name) VALUES('luxembourg', 'it', 'Lussemburgo');
INSERT INTO city_name (city_id, language_code, name) VALUES('luxembourg', 'lt', 'Liuksemburgas');
INSERT INTO city_name (city_id, language_code, name) VALUES('luxembourg', 'lv', 'Luksemburga');
INSERT INTO city_name (city_id, language_code, name) VALUES('luxembourg', 'mt', 'Il-Lussemburgu');
INSERT INTO city_name (city_id, language_code, name) VALUES('luxembourg', 'nl', 'Luxemburg');
INSERT INTO city_name (city_id, language_code, name) VALUES('luxembourg', 'pl', 'Luksemburg');
INSERT INTO city_name (city_id, language_code, name) VALUES('luxembourg', 'pt', 'Luxemburgo');
INSERT INTO city_name (city_id, language_code, name) VALUES('luxembourg', 'ro', 'Luxemburg');
INSERT INTO city_name (city_id, language_code, name) VALUES('luxembourg', 'sk', 'Luxemburg');
INSERT INTO city_name (city_id, language_code, name) VALUES('luxembourg', 'sl', 'Luxembourg');
INSERT INTO city_name (city_id, language_code, name) VALUES('luxembourg', 'sv', 'Luxemburg');
INSERT INTO city_name (city_id, language_code, name) VALUES('madrid', 'bg', 'Мадрид');
INSERT INTO city_name (city_id, language_code, name) VALUES('madrid', 'cs', 'Madrid');
INSERT INTO city_name (city_id, language_code, name) VALUES('madrid', 'da', 'Madrid');
INSERT INTO city_name (city_id, language_code, name) VALUES('madrid', 'de', 'Madrid');
INSERT INTO city_name (city_id, language_code, name) VALUES('madrid', 'el', 'Μαδρίτη');
INSERT INTO city_name (city_id, language_code, name) VALUES('madrid', 'en', 'Madrid');
INSERT INTO city_name (city_id, language_code, name) VALUES('madrid', 'es', 'Madrid');
INSERT INTO city_name (city_id, language_code, name) VALUES('madrid', 'et', 'Madrid');
INSERT INTO city_name (city_id, language_code, name) VALUES('madrid', 'fi', 'Madrid');
INSERT INTO city_name (city_id, language_code, name) VALUES('madrid', 'fr', 'Madrid');
INSERT INTO city_name (city_id, language_code, name) VALUES('madrid', 'ga', 'Maidrid');
INSERT INTO city_name (city_id, language_code, name) VALUES('madrid', 'hr', 'Madrid');
INSERT INTO city_name (city_id, language_code, name) VALUES('madrid', 'hu', 'Madrid');
INSERT INTO city_name (city_id, language_code, name) VALUES('madrid', 'it', 'Madrid');
INSERT INTO city_name (city_id, language_code, name) VALUES('madrid', 'lt', 'Madridas');
INSERT INTO city_name (city_id, language_code, name) VALUES('madrid', 'lv', 'Madride');
INSERT INTO city_name (city_id, language_code, name) VALUES('madrid', 'mt', 'Madrid');
INSERT INTO city_name (city_id, language_code, name) VALUES('madrid', 'nl', 'Madrid');
INSERT INTO city_name (city_id, language_code, name) VALUES('madrid', 'pl', 'Madryt');
INSERT INTO city_name (city_id, language_code, name) VALUES('madrid', 'pt', 'Madrid');
INSERT INTO city_name (city_id, language_code, name) VALUES('madrid', 'ro', 'Madrid');
INSERT INTO city_name (city_id, language_code, name) VALUES('madrid', 'sk', 'Madrid');
INSERT INTO city_name (city_id, language_code, name) VALUES('madrid', 'sl', 'Madrid');
INSERT INTO city_name (city_id, language_code, name) VALUES('madrid', 'sv', 'Madrid');
INSERT INTO city_name (city_id, language_code, name) VALUES('nicosia', 'bg', 'Никозия');
INSERT INTO city_name (city_id, language_code, name) VALUES('nicosia', 'cs', 'Nikósie');
INSERT INTO city_name (city_id, language_code, name) VALUES('nicosia', 'da', 'Nicosia');
INSERT INTO city_name (city_id, language_code, name) VALUES('nicosia', 'de', 'Nikosia');
INSERT INTO city_name (city_id, language_code, name) VALUES('nicosia', 'el', 'Λευκωσία');
INSERT INTO city_name (city_id, language_code, name) VALUES('nicosia', 'en', 'Nicosia');
INSERT INTO city_name (city_id, language_code, name) VALUES('nicosia', 'es', 'Nicosia');
INSERT INTO city_name (city_id, language_code, name) VALUES('nicosia', 'et', 'Nikosia');
INSERT INTO city_name (city_id, language_code, name) VALUES('nicosia', 'fi', 'Nikosia');
INSERT INTO city_name (city_id, language_code, name) VALUES('nicosia', 'fr', 'Nicosie');
INSERT INTO city_name (city_id, language_code, name) VALUES('nicosia', 'ga', 'an Niocóis');
INSERT INTO city_name (city_id, language_code, name) VALUES('nicosia', 'hr', 'Nikozija');
INSERT INTO city_name (city_id, language_code, name) VALUES('nicosia', 'hu', 'Nicosia');
INSERT INTO city_name (city_id, language_code, name) VALUES('nicosia', 'it', 'Nicosia');
INSERT INTO city_name (city_id, language_code, name) VALUES('nicosia', 'lt', 'Nikosija');
INSERT INTO city_name (city_id, language_code, name) VALUES('nicosia', 'lv', 'Nikozija');
INSERT INTO city_name (city_id, language_code, name) VALUES('nicosia', 'mt', 'Nikosija');
INSERT INTO city_name (city_id, language_code, name) VALUES('nicosia', 'nl', 'Nicosia');
INSERT INTO city_name (city_id, language_code, name) VALUES('nicosia', 'pl', 'Nikozja');
INSERT INTO city_name (city_id, language_code, name) VALUES('nicosia', 'pt', 'Nicósia');
INSERT INTO city_name (city_id, language_code, name) VALUES('nicosia', 'ro', 'Nicosia');
INSERT INTO city_name (city_id, language_code, name) VALUES('nicosia', 'sk', 'Nikózia');
INSERT INTO city_name (city_id, language_code, name) VALUES('nicosia', 'sl', 'Nikozija');
INSERT INTO city_name (city_id, language_code, name) VALUES('nicosia', 'sv', 'Nicosia');
INSERT INTO city_name (city_id, language_code, name) VALUES('paris', 'bg', 'Париж');
INSERT INTO city_name (city_id, language_code, name) VALUES('paris', 'cs', 'Paříž');
INSERT INTO city_name (city_id, language_code, name) VALUES('paris', 'da', 'Paris');
INSERT INTO city_name (city_id, language_code, name) VALUES('paris', 'de', 'Paris');
INSERT INTO city_name (city_id, language_code, name) VALUES('paris', 'el', 'Παρίσι');
INSERT INTO city_name (city_id, language_code, name) VALUES('paris', 'en', 'Paris');
INSERT INTO city_name (city_id, language_code, name) VALUES('paris', 'es', 'París');
INSERT INTO city_name (city_id, language_code, name) VALUES('paris', 'et', 'Pariis');
INSERT INTO city_name (city_id, language_code, name) VALUES('paris', 'fi', 'Pariisi');
INSERT INTO city_name (city_id, language_code, name) VALUES('paris', 'fr', 'Paris');
INSERT INTO city_name (city_id, language_code, name) VALUES('paris', 'ga', 'Páras');
INSERT INTO city_name (city_id, language_code, name) VALUES('paris', 'hr', 'Pariz');
INSERT INTO city_name (city_id, language_code, name) VALUES('paris', 'hu', 'Párizs');
INSERT INTO city_name (city_id, language_code, name) VALUES('paris', 'it', 'Parigi');
INSERT INTO city_name (city_id, language_code, name) VALUES('paris', 'lt', 'Paryžius');
INSERT INTO city_name (city_id, language_code, name) VALUES('paris', 'lv', 'Parīze');
INSERT INTO city_name (city_id, language_code, name) VALUES('paris', 'mt', 'Pariġi');
INSERT INTO city_name (city_id, language_code, name) VALUES('paris', 'nl', 'Parijs');
INSERT INTO city_name (city_id, language_code, name) VALUES('paris', 'pl', 'Paryż');
INSERT INTO city_name (city_id, language_code, name) VALUES('paris', 'pt', 'Paris');
INSERT INTO city_name (city_id, language_code, name) VALUES('paris', 'ro', 'Paris');
INSERT INTO city_name (city_id, language_code, name) VALUES('paris', 'sk', 'Paríž');
INSERT INTO city_name (city_id, language_code, name) VALUES('paris', 'sl', 'Pariz');
INSERT INTO city_name (city_id, language_code, name) VALUES('paris', 'sv', 'Paris');
INSERT INTO city_name (city_id, language_code, name) VALUES('prague', 'bg', 'Прага');
INSERT INTO city_name (city_id, language_code, name) VALUES('prague', 'cs', 'Praha');
INSERT INTO city_name (city_id, language_code, name) VALUES('prague', 'da', 'Prag');
INSERT INTO city_name (city_id, language_code, name) VALUES('prague', 'de', 'Prag');
INSERT INTO city_name (city_id, language_code, name) VALUES('prague', 'el', 'Πράγα');
INSERT INTO city_name (city_id, language_code, name) VALUES('prague', 'en', 'Prague');
INSERT INTO city_name (city_id, language_code, name) VALUES('prague', 'es', 'Praga');
INSERT INTO city_name (city_id, language_code, name) VALUES('prague', 'et', 'Praha');
INSERT INTO city_name (city_id, language_code, name) VALUES('prague', 'fi', 'Praha');
INSERT INTO city_name (city_id, language_code, name) VALUES('prague', 'fr', 'Prague');
INSERT INTO city_name (city_id, language_code, name) VALUES('prague', 'ga', 'Prág');
INSERT INTO city_name (city_id, language_code, name) VALUES('prague', 'hr', 'Prag');
INSERT INTO city_name (city_id, language_code, name) VALUES('prague', 'hu', 'Prága');
INSERT INTO city_name (city_id, language_code, name) VALUES('prague', 'it', 'Praga');
INSERT INTO city_name (city_id, language_code, name) VALUES('prague', 'lt', 'Praha');
INSERT INTO city_name (city_id, language_code, name) VALUES('prague', 'lv', 'Prāga');
INSERT INTO city_name (city_id, language_code, name) VALUES('prague', 'mt', 'Praga');
INSERT INTO city_name (city_id, language_code, name) VALUES('prague', 'nl', 'Praag');
INSERT INTO city_name (city_id, language_code, name) VALUES('prague', 'pl', 'Praga');
INSERT INTO city_name (city_id, language_code, name) VALUES('prague', 'pt', 'Praga');
INSERT INTO city_name (city_id, language_code, name) VALUES('prague', 'ro', 'Praga');
INSERT INTO city_name (city_id, language_code, name) VALUES('prague', 'sk', 'Praha');
INSERT INTO city_name (city_id, language_code, name) VALUES('prague', 'sl', 'Praga');
INSERT INTO city_name (city_id, language_code, name) VALUES('prague', 'sv', 'Prag');
INSERT INTO city_name (city_id, language_code, name) VALUES('riga', 'bg', 'Рига');
INSERT INTO city_name (city_id, language_code, name) VALUES('riga', 'cs', 'Riga');
INSERT INTO city_name (city_id, language_code, name) VALUES('riga', 'da', 'Riga');
INSERT INTO city_name (city_id, language_code, name) VALUES('riga', 'de', 'Riga');
INSERT INTO city_name (city_id, language_code, name) VALUES('riga', 'el', 'Ρίγα');
INSERT INTO city_name (city_id, language_code, name) VALUES('riga', 'en', 'Riga');
INSERT INTO city_name (city_id, language_code, name) VALUES('riga', 'es', 'Riga');
INSERT INTO city_name (city_id, language_code, name) VALUES('riga', 'et', 'Riia');
INSERT INTO city_name (city_id, language_code, name) VALUES('riga', 'fi', 'Riika');
INSERT INTO city_name (city_id, language_code, name) VALUES('riga', 'fr', 'Riga');
INSERT INTO city_name (city_id, language_code, name) VALUES('riga', 'ga', 'Ríge');
INSERT INTO city_name (city_id, language_code, name) VALUES('riga', 'hr', 'Riga');
INSERT INTO city_name (city_id, language_code, name) VALUES('riga', 'hu', 'Riga');
INSERT INTO city_name (city_id, language_code, name) VALUES('riga', 'it', 'Riga');
INSERT INTO city_name (city_id, language_code, name) VALUES('riga', 'lt', 'Ryga');
INSERT INTO city_name (city_id, language_code, name) VALUES('riga', 'lv', 'Rīga');
INSERT INTO city_name (city_id, language_code, name) VALUES('riga', 'mt', 'Riga');
INSERT INTO city_name (city_id, language_code, name) VALUES('riga', 'nl', 'Riga');
INSERT INTO city_name (city_id, language_code, name) VALUES('riga', 'pl', 'Ryga');
INSERT INTO city_name (city_id, language_code, name) VALUES('riga', 'pt', 'Riga');
INSERT INTO city_name (city_id, language_code, name) VALUES('riga', 'ro', 'Riga');
INSERT INTO city_name (city_id, language_code, name) VALUES('riga', 'sk', 'Riga');
INSERT INTO city_name (city_id, language_code, name) VALUES('riga', 'sl', 'Riga');
INSERT INTO city_name (city_id, language_code, name) VALUES('riga', 'sv', 'Riga');
INSERT INTO city_name (city_id, language_code, name) VALUES('rome', 'bg', 'Рим');
INSERT INTO city_name (city_id, language_code, name) VALUES('rome', 'cs', 'Řím');
INSERT INTO city_name (city_id, language_code, name) VALUES('rome', 'da', 'Rom');
INSERT INTO city_name (city_id, language_code, name) VALUES('rome', 'de', 'Rom');
INSERT INTO city_name (city_id, language_code, name) VALUES('rome', 'el', 'Ρώμη');
INSERT INTO city_name (city_id, language_code, name) VALUES('rome', 'en', 'Rome');
INSERT INTO city_name (city_id, language_code, name) VALUES('rome', 'es', 'Roma');
INSERT INTO city_name (city_id, language_code, name) VALUES('rome', 'et', 'Rooma');
INSERT INTO city_name (city_id, language_code, name) VALUES('rome', 'fi', 'Rooma');
INSERT INTO city_name (city_id, language_code, name) VALUES('rome', 'fr', 'Rome');
INSERT INTO city_name (city_id, language_code, name) VALUES('rome', 'ga', 'an Róimh');
INSERT INTO city_name (city_id, language_code, name) VALUES('rome', 'hr', 'Rim');
INSERT INTO city_name (city_id, language_code, name) VALUES('rome', 'hu', 'Róma');
INSERT INTO city_name (city_id, language_code, name) VALUES('rome', 'it', 'Roma');
INSERT INTO city_name (city_id, language_code, name) VALUES('rome', 'lt', 'Roma');
INSERT INTO city_name (city_id, language_code, name) VALUES('rome', 'lv', 'Roma');
INSERT INTO city_name (city_id, language_code, name) VALUES('rome', 'mt', 'Ruma');
INSERT INTO city_name (city_id, language_code, name) VALUES('rome', 'nl', 'Rome');
INSERT INTO city_name (city_id, language_code, name) VALUES('rome', 'pl', 'Rzym');
INSERT INTO city_name (city_id, language_code, name) VALUES('rome', 'pt', 'Roma');
INSERT INTO city_name (city_id, language_code, name) VALUES('rome', 'ro', 'Roma');
INSERT INTO city_name (city_id, language_code, name) VALUES('rome', 'sk', 'Rím');
INSERT INTO city_name (city_id, language_code, name) VALUES('rome', 'sl', 'Rim');
INSERT INTO city_name (city_id, language_code, name) VALUES('rome', 'sv', 'Rom');
INSERT INTO city_name (city_id, language_code, name) VALUES('sofia', 'bg', 'София');
INSERT INTO city_name (city_id, language_code, name) VALUES('sofia', 'cs', 'Sofie');
INSERT INTO city_name (city_id, language_code, name) VALUES('sofia', 'da', 'Sofia');
INSERT INTO city_name (city_id, language_code, name) VALUES('sofia', 'de', 'Sofia');
INSERT INTO city_name (city_id, language_code, name) VALUES('sofia', 'el', 'Σόφια');
INSERT INTO city_name (city_id, language_code, name) VALUES('sofia', 'en', 'Sofia');
INSERT INTO city_name (city_id, language_code, name) VALUES('sofia', 'es', 'Sofía');
INSERT INTO city_name (city_id, language_code, name) VALUES('sofia', 'et', 'Sofia');
INSERT INTO city_name (city_id, language_code, name) VALUES('sofia', 'fi', 'Sofia');
INSERT INTO city_name (city_id, language_code, name) VALUES('sofia', 'fr', 'Sofia');
INSERT INTO city_name (city_id, language_code, name) VALUES('sofia', 'ga', 'Sóifia');
INSERT INTO city_name (city_id, language_code, name) VALUES('sofia', 'hr', 'Sofija');
INSERT INTO city_name (city_id, language_code, name) VALUES('sofia', 'hu', 'Szófia');
INSERT INTO city_name (city_id, language_code, name) VALUES('sofia', 'it', 'Sofia');
INSERT INTO city_name (city_id, language_code, name) VALUES('sofia', 'lt', 'Sofija');
INSERT INTO city_name (city_id, language_code, name) VALUES('sofia', 'lv', 'Sofija');
INSERT INTO city_name (city_id, language_code, name) VALUES('sofia', 'mt', 'Sofia');
INSERT INTO city_name (city_id, language_code, name) VALUES('sofia', 'nl', 'Sofia');
INSERT INTO city_name (city_id, language_code, name) VALUES('sofia', 'pl', 'Sofia');
INSERT INTO city_name (city_id, language_code, name) VALUES('sofia', 'pt', 'Sófia');
INSERT INTO city_name (city_id, language_code, name) VALUES('sofia', 'ro', 'Sofia');
INSERT INTO city_name (city_id, language_code, name) VALUES('sofia', 'sk', 'Sofia');
INSERT INTO city_name (city_id, language_code, name) VALUES('sofia', 'sl', 'Sofija');
INSERT INTO city_name (city_id, language_code, name) VALUES('sofia', 'sv', 'Sofia');
INSERT INTO city_name (city_id, language_code, name) VALUES('stockholm', 'bg', 'Стокхолм');
INSERT INTO city_name (city_id, language_code, name) VALUES('stockholm', 'cs', 'Stockholm');
INSERT INTO city_name (city_id, language_code, name) VALUES('stockholm', 'da', 'Stockholm');
INSERT INTO city_name (city_id, language_code, name) VALUES('stockholm', 'de', 'Stockholm');
INSERT INTO city_name (city_id, language_code, name) VALUES('stockholm', 'el', 'Στοκχόλμη');
INSERT INTO city_name (city_id, language_code, name) VALUES('stockholm', 'en', 'Stockholm');
INSERT INTO city_name (city_id, language_code, name) VALUES('stockholm', 'es', 'Estocolmo');
INSERT INTO city_name (city_id, language_code, name) VALUES('stockholm', 'et', 'Stockholm');
INSERT INTO city_name (city_id, language_code, name) VALUES('stockholm', 'fi', 'Tukholma');
INSERT INTO city_name (city_id, language_code, name) VALUES('stockholm', 'fr', 'Stockholm');
INSERT INTO city_name (city_id, language_code, name) VALUES('stockholm', 'ga', 'Stócólm');
INSERT INTO city_name (city_id, language_code, name) VALUES('stockholm', 'hr', 'Stockholm');
INSERT INTO city_name (city_id, language_code, name) VALUES('stockholm', 'hu', 'Stockholm');
INSERT INTO city_name (city_id, language_code, name) VALUES('stockholm', 'it', 'Stoccolma');
INSERT INTO city_name (city_id, language_code, name) VALUES('stockholm', 'lt', 'Stokholmas');
INSERT INTO city_name (city_id, language_code, name) VALUES('stockholm', 'lv', 'Stokholma');
INSERT INTO city_name (city_id, language_code, name) VALUES('stockholm', 'mt', 'Stokkolma');
INSERT INTO city_name (city_id, language_code, name) VALUES('stockholm', 'nl', 'Stockholm');
INSERT INTO city_name (city_id, language_code, name) VALUES('stockholm', 'pl', 'Sztokholm');
INSERT INTO city_name (city_id, language_code, name) VALUES('stockholm', 'pt', 'Estocolmo');
INSERT INTO city_name (city_id, language_code, name) VALUES('stockholm', 'ro', 'Stockholm');
INSERT INTO city_name (city_id, language_code, name) VALUES('stockholm', 'sk', 'Štokholm');
INSERT INTO city_name (city_id, language_code, name) VALUES('stockholm', 'sl', 'Stockholm');
INSERT INTO city_name (city_id, language_code, name) VALUES('stockholm', 'sv', 'Stockholm');
INSERT INTO city_name (city_id, language_code, name) VALUES('tallinn', 'bg', 'Талин');
INSERT INTO city_name (city_id, language_code, name) VALUES('tallinn', 'cs', 'Tallinn');
INSERT INTO city_name (city_id, language_code, name) VALUES('tallinn', 'da', 'Tallinn');
INSERT INTO city_name (city_id, language_code, name) VALUES('tallinn', 'de', 'Tallinn');
INSERT INTO city_name (city_id, language_code, name) VALUES('tallinn', 'el', 'Ταλίν');
INSERT INTO city_name (city_id, language_code, name) VALUES('tallinn', 'en', 'Tallinn');
INSERT INTO city_name (city_id, language_code, name) VALUES('tallinn', 'es', 'Tallin');
INSERT INTO city_name (city_id, language_code, name) VALUES('tallinn', 'et', 'Tallinn');
INSERT INTO city_name (city_id, language_code, name) VALUES('tallinn', 'fr', 'Tallinn');
INSERT INTO city_name (city_id, language_code, name) VALUES('tallinn', 'fi', 'Tallinna');
INSERT INTO city_name (city_id, language_code, name) VALUES('tallinn', 'ga', 'Taillinn');
INSERT INTO city_name (city_id, language_code, name) VALUES('tallinn', 'hr', 'Tallinn');
INSERT INTO city_name (city_id, language_code, name) VALUES('tallinn', 'hu', 'Tallinn');
INSERT INTO city_name (city_id, language_code, name) VALUES('tallinn', 'it', 'Tallinn');
INSERT INTO city_name (city_id, language_code, name) VALUES('tallinn', 'lt', 'Talinas');
INSERT INTO city_name (city_id, language_code, name) VALUES('tallinn', 'lv', 'Tallina');
INSERT INTO city_name (city_id, language_code, name) VALUES('tallinn', 'mt', 'Talinn');
INSERT INTO city_name (city_id, language_code, name) VALUES('tallinn', 'nl', 'Tallinn');
INSERT INTO city_name (city_id, language_code, name) VALUES('tallinn', 'pl', 'Tallin');
INSERT INTO city_name (city_id, language_code, name) VALUES('tallinn', 'pt', 'Taline');
INSERT INTO city_name (city_id, language_code, name) VALUES('tallinn', 'ro', 'Tallinn');
INSERT INTO city_name (city_id, language_code, name) VALUES('tallinn', 'sk', 'Tallinn');
INSERT INTO city_name (city_id, language_code, name) VALUES('tallinn', 'sl', 'Talin');
INSERT INTO city_name (city_id, language_code, name) VALUES('tallinn', 'sv', 'Tallinn');
INSERT INTO city_name (city_id, language_code, name) VALUES('valletta', 'bg', 'Валета');
INSERT INTO city_name (city_id, language_code, name) VALUES('valletta', 'cs', 'Valetta');
INSERT INTO city_name (city_id, language_code, name) VALUES('valletta', 'da', 'Valletta');
INSERT INTO city_name (city_id, language_code, name) VALUES('valletta', 'de', 'Valletta');
INSERT INTO city_name (city_id, language_code, name) VALUES('valletta', 'el', 'Βαλέτα');
INSERT INTO city_name (city_id, language_code, name) VALUES('valletta', 'en', 'Valletta');
INSERT INTO city_name (city_id, language_code, name) VALUES('valletta', 'es', 'La Valeta');
INSERT INTO city_name (city_id, language_code, name) VALUES('valletta', 'et', 'Valletta');
INSERT INTO city_name (city_id, language_code, name) VALUES('valletta', 'fi', 'Valletta');
INSERT INTO city_name (city_id, language_code, name) VALUES('valletta', 'fr', 'La Valette');
INSERT INTO city_name (city_id, language_code, name) VALUES('valletta', 'ga', 'Vaileite');
INSERT INTO city_name (city_id, language_code, name) VALUES('valletta', 'hr', 'Valletta');
INSERT INTO city_name (city_id, language_code, name) VALUES('valletta', 'hu', 'Valletta');
INSERT INTO city_name (city_id, language_code, name) VALUES('valletta', 'it', 'La Valletta');
INSERT INTO city_name (city_id, language_code, name) VALUES('valletta', 'lt', 'Valeta');
INSERT INTO city_name (city_id, language_code, name) VALUES('valletta', 'lv', 'Valeta');
INSERT INTO city_name (city_id, language_code, name) VALUES('valletta', 'mt', 'Valletta');
INSERT INTO city_name (city_id, language_code, name) VALUES('valletta', 'nl', 'Valletta');
INSERT INTO city_name (city_id, language_code, name) VALUES('valletta', 'pl', 'Valletta');
INSERT INTO city_name (city_id, language_code, name) VALUES('valletta', 'pt', 'Valeta');
INSERT INTO city_name (city_id, language_code, name) VALUES('valletta', 'ro', 'Valletta');
INSERT INTO city_name (city_id, language_code, name) VALUES('valletta', 'sk', 'Valletta');
INSERT INTO city_name (city_id, language_code, name) VALUES('valletta', 'sl', 'Valletta');
INSERT INTO city_name (city_id, language_code, name) VALUES('valletta', 'sv', 'Valletta');
INSERT INTO city_name (city_id, language_code, name) VALUES('warsaw', 'bg', 'Варшава');
INSERT INTO city_name (city_id, language_code, name) VALUES('warsaw', 'cs', 'Varšava');
INSERT INTO city_name (city_id, language_code, name) VALUES('warsaw', 'da', 'Warszawa');
INSERT INTO city_name (city_id, language_code, name) VALUES('warsaw', 'de', 'Warschau');
INSERT INTO city_name (city_id, language_code, name) VALUES('warsaw', 'el', 'Βαρσοβία');
INSERT INTO city_name (city_id, language_code, name) VALUES('warsaw', 'en', 'Warsaw');
INSERT INTO city_name (city_id, language_code, name) VALUES('warsaw', 'es', 'Varsovia');
INSERT INTO city_name (city_id, language_code, name) VALUES('warsaw', 'et', 'Varssavi');
INSERT INTO city_name (city_id, language_code, name) VALUES('warsaw', 'fi', 'Varsova');
INSERT INTO city_name (city_id, language_code, name) VALUES('warsaw', 'fr', 'Varsovie');
INSERT INTO city_name (city_id, language_code, name) VALUES('warsaw', 'ga', 'Vársá');
INSERT INTO city_name (city_id, language_code, name) VALUES('warsaw', 'hr', 'Varšava');
INSERT INTO city_name (city_id, language_code, name) VALUES('warsaw', 'hu', 'Varsó');
INSERT INTO city_name (city_id, language_code, name) VALUES('warsaw', 'it', 'Varsavia');
INSERT INTO city_name (city_id, language_code, name) VALUES('warsaw', 'lt', 'Varšuva');
INSERT INTO city_name (city_id, language_code, name) VALUES('warsaw', 'lv', 'Varšava');
INSERT INTO city_name (city_id, language_code, name) VALUES('warsaw', 'mt', 'Varsavja');
INSERT INTO city_name (city_id, language_code, name) VALUES('warsaw', 'nl', 'Warschau');
INSERT INTO city_name (city_id, language_code, name) VALUES('warsaw', 'pl', 'Warszawa');
INSERT INTO city_name (city_id, language_code, name) VALUES('warsaw', 'pt', 'Varsóvia');
INSERT INTO city_name (city_id, language_code, name) VALUES('warsaw', 'ro', 'Varșovia');
INSERT INTO city_name (city_id, language_code, name) VALUES('warsaw', 'sk', 'Varšava');
INSERT INTO city_name (city_id, language_code, name) VALUES('warsaw', 'sl', 'Varšava');
INSERT INTO city_name (city_id, language_code, name) VALUES('warsaw', 'sv', 'Warszawa');
INSERT INTO city_name (city_id, language_code, name) VALUES('vienna', 'bg', 'Виена');
INSERT INTO city_name (city_id, language_code, name) VALUES('vienna', 'cs', 'Vídeň');
INSERT INTO city_name (city_id, language_code, name) VALUES('vienna', 'da', 'Wien');
INSERT INTO city_name (city_id, language_code, name) VALUES('vienna', 'de', 'Wien');
INSERT INTO city_name (city_id, language_code, name) VALUES('vienna', 'el', 'Βιέννη');
INSERT INTO city_name (city_id, language_code, name) VALUES('vienna', 'en', 'Vienna');
INSERT INTO city_name (city_id, language_code, name) VALUES('vienna', 'es', 'Viena');
INSERT INTO city_name (city_id, language_code, name) VALUES('vienna', 'et', 'Viin');
INSERT INTO city_name (city_id, language_code, name) VALUES('vienna', 'fi', 'Wien');
INSERT INTO city_name (city_id, language_code, name) VALUES('vienna', 'fr', 'Vienne');
INSERT INTO city_name (city_id, language_code, name) VALUES('vienna', 'ga', 'Vín');
INSERT INTO city_name (city_id, language_code, name) VALUES('vienna', 'hr', 'Beč');
INSERT INTO city_name (city_id, language_code, name) VALUES('vienna', 'hu', 'Bécs');
INSERT INTO city_name (city_id, language_code, name) VALUES('vienna', 'it', 'Vienna');
INSERT INTO city_name (city_id, language_code, name) VALUES('vienna', 'lt', 'Viena');
INSERT INTO city_name (city_id, language_code, name) VALUES('vienna', 'lv', 'Vīne');
INSERT INTO city_name (city_id, language_code, name) VALUES('vienna', 'mt', 'Vjenna');
INSERT INTO city_name (city_id, language_code, name) VALUES('vienna', 'nl', 'Wenen');
INSERT INTO city_name (city_id, language_code, name) VALUES('vienna', 'pl', 'Wiedeń');
INSERT INTO city_name (city_id, language_code, name) VALUES('vienna', 'pt', 'Viena');
INSERT INTO city_name (city_id, language_code, name) VALUES('vienna', 'ro', 'Viena');
INSERT INTO city_name (city_id, language_code, name) VALUES('vienna', 'sk', 'Viedeň');
INSERT INTO city_name (city_id, language_code, name) VALUES('vienna', 'sl', 'Dunaj');
INSERT INTO city_name (city_id, language_code, name) VALUES('vienna', 'sv', 'Wien');
INSERT INTO city_name (city_id, language_code, name) VALUES('vilnius', 'bg', 'Вилнюс');
INSERT INTO city_name (city_id, language_code, name) VALUES('vilnius', 'cs', 'Vilnius');
INSERT INTO city_name (city_id, language_code, name) VALUES('vilnius', 'da', 'Vilnius');
INSERT INTO city_name (city_id, language_code, name) VALUES('vilnius', 'de', 'Wilna (Vilnius)');
INSERT INTO city_name (city_id, language_code, name) VALUES('vilnius', 'el', 'Βίλνιους');
INSERT INTO city_name (city_id, language_code, name) VALUES('vilnius', 'en', 'Vilnius');
INSERT INTO city_name (city_id, language_code, name) VALUES('vilnius', 'es', 'Vilna');
INSERT INTO city_name (city_id, language_code, name) VALUES('vilnius', 'et', 'Vilnius');
INSERT INTO city_name (city_id, language_code, name) VALUES('vilnius', 'fi', 'Vilna');
INSERT INTO city_name (city_id, language_code, name) VALUES('vilnius', 'fr', 'Vilnius');
INSERT INTO city_name (city_id, language_code, name) VALUES('vilnius', 'ga', 'Vilnias');
INSERT INTO city_name (city_id, language_code, name) VALUES('vilnius', 'hr', 'Vilnius');
INSERT INTO city_name (city_id, language_code, name) VALUES('vilnius', 'hu', 'Vilnius');
INSERT INTO city_name (city_id, language_code, name) VALUES('vilnius', 'it', 'Vilnius');
INSERT INTO city_name (city_id, language_code, name) VALUES('vilnius', 'lt', 'Vilnius');
INSERT INTO city_name (city_id, language_code, name) VALUES('vilnius', 'lv', 'Viļņa');
INSERT INTO city_name (city_id, language_code, name) VALUES('vilnius', 'mt', 'Vilnjus');
INSERT INTO city_name (city_id, language_code, name) VALUES('vilnius', 'nl', 'Vilnius');
INSERT INTO city_name (city_id, language_code, name) VALUES('vilnius', 'pl', 'Wilno');
INSERT INTO city_name (city_id, language_code, name) VALUES('vilnius', 'pt', 'Vilnius');
INSERT INTO city_name (city_id, language_code, name) VALUES('vilnius', 'ro', 'Vilnius');
INSERT INTO city_name (city_id, language_code, name) VALUES('vilnius', 'sk', 'Vilnius');
INSERT INTO city_name (city_id, language_code, name) VALUES('vilnius', 'sl', 'Vilna');
INSERT INTO city_name (city_id, language_code, name) VALUES('vilnius', 'sv', 'Vilnius');
INSERT INTO city_name (city_id, language_code, name) VALUES('zagreb', 'bg', 'Загреб');
INSERT INTO city_name (city_id, language_code, name) VALUES('zagreb', 'cs', 'Záhřeb');
INSERT INTO city_name (city_id, language_code, name) VALUES('zagreb', 'da', 'Zagreb');
INSERT INTO city_name (city_id, language_code, name) VALUES('zagreb', 'de', 'Zagreb');
INSERT INTO city_name (city_id, language_code, name) VALUES('zagreb', 'el', 'Ζάγκρεμπ');
INSERT INTO city_name (city_id, language_code, name) VALUES('zagreb', 'en', 'Zagreb');
INSERT INTO city_name (city_id, language_code, name) VALUES('zagreb', 'es', 'Zagreb');
INSERT INTO city_name (city_id, language_code, name) VALUES('zagreb', 'et', 'Zagreb');
INSERT INTO city_name (city_id, language_code, name) VALUES('zagreb', 'fi', 'Zagreb');
INSERT INTO city_name (city_id, language_code, name) VALUES('zagreb', 'fr', 'Zagreb');
INSERT INTO city_name (city_id, language_code, name) VALUES('zagreb', 'ga', 'Ságrab');
INSERT INTO city_name (city_id, language_code, name) VALUES('zagreb', 'hr', 'Zagreb');
INSERT INTO city_name (city_id, language_code, name) VALUES('zagreb', 'hu', 'Zágráb');
INSERT INTO city_name (city_id, language_code, name) VALUES('zagreb', 'it', 'Zagabria');
INSERT INTO city_name (city_id, language_code, name) VALUES('zagreb', 'lt', 'Zagrebas');
INSERT INTO city_name (city_id, language_code, name) VALUES('zagreb', 'lv', 'Zagreba');
INSERT INTO city_name (city_id, language_code, name) VALUES('zagreb', 'mt', 'Żagreb');
INSERT INTO city_name (city_id, language_code, name) VALUES('zagreb', 'nl', 'Zagreb');
INSERT INTO city_name (city_id, language_code, name) VALUES('zagreb', 'pl', 'Zagrzeb');
INSERT INTO city_name (city_id, language_code, name) VALUES('zagreb', 'pt', 'Zagrebe');
INSERT INTO city_name (city_id, language_code, name) VALUES('zagreb', 'ro', 'Zagreb');
INSERT INTO city_name (city_id, language_code, name) VALUES('zagreb', 'sk', 'Záhreb');
INSERT INTO city_name (city_id, language_code, name) VALUES('zagreb', 'sl', 'Zagreb');
INSERT INTO city_name (city_id, language_code, name) VALUES('zagreb', 'sv', 'Zagreb');
-- country.csv
INSERT INTO country (country_code, capital, area, population, population_year, currency_code, national_day) VALUES('AT', 'vienna', '83879', '9027999', '2022', 'EUR', '--10-26');
INSERT INTO country (country_code, capital, area, population, population_year, currency_code, national_day) VALUES('BE', 'brussels', '30528', '11584008', '2022', 'EUR', '--07-21');
INSERT INTO country (country_code, capital, area, population, population_year, currency_code, national_day) VALUES('BG', 'sofia', '111002', '6520314', '2021', 'BGN', '--09-22');
INSERT INTO country (country_code, capital, area, population, population_year, currency_code, national_day) VALUES('CY', 'nicosia', '9251', '1244188', '2021', 'EUR', '--10-01');
INSERT INTO country (country_code, capital, area, population, population_year, currency_code, national_day) VALUES('CZ', 'prague', '78867', '10524167', '2021', 'CZK', '--01-01');
INSERT INTO country (country_code, capital, area, population, population_year, currency_code, national_day) VALUES('DE', 'berlin', '357340', '83695430', '2022', 'EUR', '--10-03');
INSERT INTO country (country_code, capital, area, population, population_year, currency_code, national_day) VALUES('DK', 'copenhagen', '42921', '5910577', '2022', 'DKK', '--06-05');
INSERT INTO country (country_code, capital, area, population, population_year, currency_code, national_day) VALUES('EE', 'tallinn', '45227', '1331824', '2021', 'EUR', '--02-24');
INSERT INTO country (country_code, capital, area, population, population_year, currency_code, national_day) VALUES('EL', 'athens', '131957', '10432481', '2021', 'EUR', '--03-25');
INSERT INTO country (country_code, capital, area, population, population_year, currency_code, national_day) VALUES('ES', 'madrid', '505970', '47450795', '2020', 'EUR', '--10-12');
INSERT INTO country (country_code, capital, area, population, population_year, currency_code, national_day) VALUES('FI', 'helsinki', '338435', '5553000', '2022', 'EUR', '--12-06');
INSERT INTO country (country_code, capital, area, population, population_year, currency_code, national_day) VALUES('FR', 'paris', '632833', '67897000', '2022', 'EUR', '--07-14');
INSERT INTO country (country_code, capital, area, population, population_year, currency_code, national_day) VALUES('GB', 'london', '248528', '60800000', '2011', 'GBP', '');
INSERT INTO country (country_code, capital, area, population, population_year, currency_code, national_day) VALUES('HR', 'zagreb', '56594', '3888529', '2021', 'HRK', '--10-08');
INSERT INTO country (country_code, capital, area, population, population_year, currency_code, national_day) VALUES('HU', 'budapest', '93024', '9749763', '2020', 'HUF', '--08-20');
INSERT INTO country (country_code, capital, area, population, population_year, currency_code, national_day) VALUES('IE', 'dublin', '69797', '5123536', '2022', 'EUR', '--04-24');
INSERT INTO country (country_code, capital, area, population, population_year, currency_code, national_day) VALUES('IT', 'rome', '302073', '58983000', '2022', 'EUR', '--06-02');
INSERT INTO country (country_code, capital, area, population, population_year, currency_code, national_day) VALUES('LT', 'vilnius', '65300', '2832718', '2022', 'LTL', '--03-11');
INSERT INTO country (country_code, capital, area, population, population_year, currency_code, national_day) VALUES('LU', 'luxembourg', '2586', '645397', '2022', 'EUR', '--06-23');
INSERT INTO country (country_code, capital, area, population, population_year, currency_code, national_day) VALUES('LV', 'riga', '64573', '1907675', '2020', 'EUR', '--05-04');
INSERT INTO country (country_code, capital, area, population, population_year, currency_code, national_day) VALUES('MT', 'valletta', '316', '519562', '2021', 'EUR', '--09-21');
INSERT INTO country (country_code, capital, area, population, population_year, currency_code, national_day) VALUES('NL', 'amsterdam', '41540', '17740000', '2022', 'EUR', '--04-27');
INSERT INTO country (country_code, capital, area, population, population_year, currency_code, national_day) VALUES('PL', 'warsaw', '312679', '38179800', '2021', 'PLN', '--11-11');
INSERT INTO country (country_code, capital, area, population, population_year, currency_code, national_day) VALUES('PT', 'lisbon', '92225', '10344802', '2021', 'EUR', '--12-01');
INSERT INTO country (country_code, capital, area, population, population_year, currency_code, national_day) VALUES('RO', 'bucharest', '238391', '19038098', '2022', 'RON', '--05-10');
INSERT INTO country (country_code, capital, area, population, population_year, currency_code, national_day) VALUES('SE', 'stockholm', '438574', '10481937', '2022', 'EUR', '--06-06');
INSERT INTO country (country_code, capital, area, population, population_year, currency_code, national_day) VALUES('SK', 'bratislava', '49035', '5460185', '2022', 'EUR', '--07-17');
INSERT INTO country (country_code, capital, area, population, population_year, currency_code, national_day) VALUES('SI', 'ljubljana', '20273', '2108708', '2021', 'EUR', '--12-26');
-- country_name.csv
INSERT INTO country_name (country_code, language_code, name) VALUES('AT', 'bg', 'Австрия');
INSERT INTO country_name (country_code, language_code, name) VALUES('BE', 'bg', 'Белгия');
INSERT INTO country_name (country_code, language_code, name) VALUES('BG', 'bg', 'България');
INSERT INTO country_name (country_code, language_code, name) VALUES('CY', 'bg', 'Кипър');
INSERT INTO country_name (country_code, language_code, name) VALUES('CZ', 'bg', 'Чешка република');
INSERT INTO country_name (country_code, language_code, name) VALUES('DE', 'bg', 'Германия');
INSERT INTO country_name (country_code, language_code, name) VALUES('DK', 'bg', 'Дания');
INSERT INTO country_name (country_code, language_code, name) VALUES('EE', 'bg', 'Естония');
INSERT INTO country_name (country_code, language_code, name) VALUES('EL', 'bg', 'Гърция');
INSERT INTO country_name (country_code, language_code, name) VALUES('ES', 'bg', 'Испания');
INSERT INTO country_name (country_code, language_code, name) VALUES('FI', 'bg', 'Финландия');
INSERT INTO country_name (country_code, language_code, name) VALUES('FR', 'bg', 'Франция');
INSERT INTO country_name (country_code, language_code, name) VALUES('GB', 'bg', 'Обединено кралство');
INSERT INTO country_name (country_code, language_code, name) VALUES('HR', 'bg', 'Хърватия');
INSERT INTO country_name (country_code, language_code, name) VALUES('HU', 'bg', 'Унгария');
INSERT INTO country_name (country_code, language_code, name) VALUES('IE', 'bg', 'Ирландия');
INSERT INTO country_name (country_code, language_code, name) VALUES('IT', 'bg', 'Италия');
INSERT INTO country_name (country_code, language_code, name) VALUES('LT', 'bg', 'Литва');
INSERT INTO country_name (country_code, language_code, name) VALUES('LU', 'bg', 'Люксембург');
INSERT INTO country_name (country_code, language_code, name) VALUES('LV', 'bg', 'Латвия');
INSERT INTO country_name (country_code, language_code, name) VALUES('MT', 'bg', 'Малта');
INSERT INTO country_name (country_code, language_code, name) VALUES('NL', 'bg', 'Нидерландия');
INSERT INTO country_name (country_code, language_code, name) VALUES('PL', 'bg', 'Полша');
INSERT INTO country_name (country_code, language_code, name) VALUES('PT', 'bg', 'Португалия');
INSERT INTO country_name (country_code, language_code, name) VALUES('RO', 'bg', 'Румъния');
INSERT INTO country_name (country_code, language_code, name) VALUES('SE', 'bg', 'Швеция');
INSERT INTO country_name (country_code, language_code, name) VALUES('SK', 'bg', 'Словакия');
INSERT INTO country_name (country_code, language_code, name) VALUES('SI', 'bg', 'Словения');
INSERT INTO country_name (country_code, language_code, name) VALUES('AT', 'cs', 'Rakousko');
INSERT INTO country_name (country_code, language_code, name) VALUES('BE', 'cs', 'Belgie');
INSERT INTO country_name (country_code, language_code, name) VALUES('BG', 'cs', 'Bulharsko');
INSERT INTO country_name (country_code, language_code, name) VALUES('CY', 'cs', 'Kypr');
INSERT INTO country_name (country_code, language_code, name) VALUES('CZ', 'cs', 'Česká republika');
INSERT INTO country_name (country_code, language_code, name) VALUES('DE', 'cs', 'Německo');
INSERT INTO country_name (country_code, language_code, name) VALUES('DK', 'cs', 'Dánsko');
INSERT INTO country_name (country_code, language_code, name) VALUES('EE', 'cs', 'Estonsko');
INSERT INTO country_name (country_code, language_code, name) VALUES('EL', 'cs', 'Řecko');
INSERT INTO country_name (country_code, language_code, name) VALUES('ES', 'cs', 'Španělsko');
INSERT INTO country_name (country_code, language_code, name) VALUES('FI', 'cs', 'Finsko');
INSERT INTO country_name (country_code, language_code, name) VALUES('FR', 'cs', 'Francie');
INSERT INTO country_name (country_code, language_code, name) VALUES('GB', 'cs', 'Spojené království');
INSERT INTO country_name (country_code, language_code, name) VALUES('HR', 'cs', 'Chorvatsko');
INSERT INTO country_name (country_code, language_code, name) VALUES('HU', 'cs', 'Maďarsko');
INSERT INTO country_name (country_code, language_code, name) VALUES('IE', 'cs', 'Irsko');
INSERT INTO country_name (country_code, language_code, name) VALUES('IT', 'cs', 'Itálie');
INSERT INTO country_name (country_code, language_code, name) VALUES('LT', 'cs', 'Litva');
INSERT INTO country_name (country_code, language_code, name) VALUES('LU', 'cs', 'Lucembursko');
INSERT INTO country_name (country_code, language_code, name) VALUES('LV', 'cs', 'Lotyšsko');
INSERT INTO country_name (country_code, language_code, name) VALUES('MT', 'cs', 'Malta');
INSERT INTO country_name (country_code, language_code, name) VALUES('NL', 'cs', 'Nizozemsko');
INSERT INTO country_name (country_code, language_code, name) VALUES('PL', 'cs', 'Polsko');
INSERT INTO country_name (country_code, language_code, name) VALUES('PT', 'cs', 'Portugalsko');
INSERT INTO country_name (country_code, language_code, name) VALUES('RO', 'cs', 'Rumunsko');
INSERT INTO country_name (country_code, language_code, name) VALUES('SE', 'cs', 'Švédsko');
INSERT INTO country_name (country_code, language_code, name) VALUES('SK', 'cs', 'Slovinsko');
INSERT INTO country_name (country_code, language_code, name) VALUES('SI', 'cs', 'Slovensko');
INSERT INTO country_name (country_code, language_code, name) VALUES('AT', 'da', 'Østrig');
INSERT INTO country_name (country_code, language_code, name) VALUES('BE', 'da', 'Belgien');
INSERT INTO country_name (country_code, language_code, name) VALUES('BG', 'da', 'Bulgarien');
INSERT INTO country_name (country_code, language_code, name) VALUES('CY', 'da', 'Cypern');
INSERT INTO country_name (country_code, language_code, name) VALUES('CZ', 'da', 'Tjekkiet');
INSERT INTO country_name (country_code, language_code, name) VALUES('DE', 'da', 'Tyskland');
INSERT INTO country_name (country_code, language_code, name) VALUES('DK', 'da', 'Danmark');
INSERT INTO country_name (country_code, language_code, name) VALUES('EE', 'da', 'Estland');
INSERT INTO country_name (country_code, language_code, name) VALUES('EL', 'da', 'Grækenland');
INSERT INTO country_name (country_code, language_code, name) VALUES('ES', 'da', 'Spanien');
INSERT INTO country_name (country_code, language_code, name) VALUES('FI', 'da', 'Finland');
INSERT INTO country_name (country_code, language_code, name) VALUES('FR', 'da', 'Frankrig');
INSERT INTO country_name (country_code, language_code, name) VALUES('GB', 'da', 'Det Forenede Kongerige');
INSERT INTO country_name (country_code, language_code, name) VALUES('HR', 'da', 'Kroatien');
INSERT INTO country_name (country_code, language_code, name) VALUES('HU', 'da', 'Ungarn');
INSERT INTO country_name (country_code, language_code, name) VALUES('IE', 'da', 'Irland');
INSERT INTO country_name (country_code, language_code, name) VALUES('IT', 'da', 'Italien');
INSERT INTO country_name (country_code, language_code, name) VALUES('LT', 'da', 'Litauen');
INSERT INTO country_name (country_code, language_code, name) VALUES('LU', 'da', 'Luxembourg');
INSERT INTO country_name (country_code, language_code, name) VALUES('LV', 'da', 'Letland');
INSERT INTO country_name (country_code, language_code, name) VALUES('MT', 'da', 'Malta');
INSERT INTO country_name (country_code, language_code, name) VALUES('NL', 'da', 'Nederlandene');
INSERT INTO country_name (country_code, language_code, name) VALUES('PL', 'da', 'Polen');
INSERT INTO country_name (country_code, language_code, name) VALUES('PT', 'da', 'Portugal');
INSERT INTO country_name (country_code, language_code, name) VALUES('RO', 'da', 'Rumænien');
INSERT INTO country_name (country_code, language_code, name) VALUES('SE', 'da', 'Sverige');
INSERT INTO country_name (country_code, language_code, name) VALUES('SK', 'da', 'Slovakiet');
INSERT INTO country_name (country_code, language_code, name) VALUES('SI', 'da', 'Slovenien');
INSERT INTO country_name (country_code, language_code, name) VALUES('AT', 'de', 'Österreich');
INSERT INTO country_name (country_code, language_code, name) VALUES('BE', 'de', 'Belgien');
INSERT INTO country_name (country_code, language_code, name) VALUES('BG', 'de', 'Bulgarien');
INSERT INTO country_name (country_code, language_code, name) VALUES('CY', 'de', 'Zypern');
INSERT INTO country_name (country_code, language_code, name) VALUES('CZ', 'de', 'Tschechische Republik');
INSERT INTO country_name (country_code, language_code, name) VALUES('DE', 'de', 'Deutschland');
INSERT INTO country_name (country_code, language_code, name) VALUES('DK', 'de', 'Dänemark');
INSERT INTO country_name (country_code, language_code, name) VALUES('EE', 'de', 'Estland');
INSERT INTO country_name (country_code, language_code, name) VALUES('EL', 'de', 'Griechenland');
INSERT INTO country_name (country_code, language_code, name) VALUES('ES', 'de', 'Spanien');
INSERT INTO country_name (country_code, language_code, name) VALUES('FI', 'de', 'Finnland');
INSERT INTO country_name (country_code, language_code, name) VALUES('FR', 'de', 'Frankreich');
INSERT INTO country_name (country_code, language_code, name) VALUES('GB', 'de', 'Vereinigtes Königreich');
INSERT INTO country_name (country_code, language_code, name) VALUES('HR', 'de', 'Kroatien');
INSERT INTO country_name (country_code, language_code, name) VALUES('HU', 'de', 'Ungarn');
INSERT INTO country_name (country_code, language_code, name) VALUES('IE', 'de', 'Irland');
INSERT INTO country_name (country_code, language_code, name) VALUES('IT', 'de', 'Italien');
INSERT INTO country_name (country_code, language_code, name) VALUES('LT', 'de', 'Litauen');
INSERT INTO country_name (country_code, language_code, name) VALUES('LU', 'de', 'Luxemburg');
INSERT INTO country_name (country_code, language_code, name) VALUES('LV', 'de', 'Lettland');
INSERT INTO country_name (country_code, language_code, name) VALUES('MT', 'de', 'Malta');
INSERT INTO country_name (country_code, language_code, name) VALUES('NL', 'de', 'Niederlande');
INSERT INTO country_name (country_code, language_code, name) VALUES('PL', 'de', 'Polen');
INSERT INTO country_name (country_code, language_code, name) VALUES('PT', 'de', 'Portugal');
INSERT INTO country_name (country_code, language_code, name) VALUES('RO', 'de', 'Rumänien');
INSERT INTO country_name (country_code, language_code, name) VALUES('SE', 'de', 'Schweden');
INSERT INTO country_name (country_code, language_code, name) VALUES('SI', 'de', 'Slovenia');
INSERT INTO country_name (country_code, language_code, name) VALUES('SK', 'de', 'Slowakei');
INSERT INTO country_name (country_code, language_code, name) VALUES('AT', 'el', 'Αυστρία');
INSERT INTO country_name (country_code, language_code, name) VALUES('BE', 'el', 'Βέλγιο');
INSERT INTO country_name (country_code, language_code, name) VALUES('BG', 'el', 'Βουλγαρία');
INSERT INTO country_name (country_code, language_code, name) VALUES('CY', 'el', 'Κύπρος');
INSERT INTO country_name (country_code, language_code, name) VALUES('CZ', 'el', 'Τσεχική Δημοκρατία');
INSERT INTO country_name (country_code, language_code, name) VALUES('DE', 'el', 'Γερμανία');
INSERT INTO country_name (country_code, language_code, name) VALUES('DK', 'el', 'Δανία');
INSERT INTO country_name (country_code, language_code, name) VALUES('FI', 'el', 'Φινλανδία');
INSERT INTO country_name (country_code, language_code, name) VALUES('FR', 'el', 'Γαλλία');
INSERT INTO country_name (country_code, language_code, name) VALUES('EE', 'el', 'Εσθονία');
INSERT INTO country_name (country_code, language_code, name) VALUES('EL', 'el', 'Ελλάδα');
INSERT INTO country_name (country_code, language_code, name) VALUES('ES', 'el', 'Ισπανία');
INSERT INTO country_name (country_code, language_code, name) VALUES('GB', 'el', 'Ηνωμένο Βασίλειο');
INSERT INTO country_name (country_code, language_code, name) VALUES('HR', 'el', 'Κροατία');
INSERT INTO country_name (country_code, language_code, name) VALUES('HU', 'el', 'Ουγγαρία');
INSERT INTO country_name (country_code, language_code, name) VALUES('IE', 'el', 'Ιρλανδία');
INSERT INTO country_name (country_code, language_code, name) VALUES('IT', 'el', 'Ιταλία');
INSERT INTO country_name (country_code, language_code, name) VALUES('LT', 'el', 'Λιθουανία');
INSERT INTO country_name (country_code, language_code, name) VALUES('LU', 'el', 'Λουξεμβούργο');
INSERT INTO country_name (country_code, language_code, name) VALUES('LV', 'el', 'Λεττονία');
INSERT INTO country_name (country_code, language_code, name) VALUES('MT', 'el', 'Μάλτα');
INSERT INTO country_name (country_code, language_code, name) VALUES('NL', 'el', 'Κάτω Χώρες');
INSERT INTO country_name (country_code, language_code, name) VALUES('PL', 'el', 'Πολωνία');
INSERT INTO country_name (country_code, language_code, name) VALUES('PT', 'el', 'Πορτογαλία');
INSERT INTO country_name (country_code, language_code, name) VALUES('RO', 'el', 'Ρουμανία');
INSERT INTO country_name (country_code, language_code, name) VALUES('SE', 'el', 'Σουηδία');
INSERT INTO country_name (country_code, language_code, name) VALUES('SK', 'el', 'Σλοβακία');
INSERT INTO country_name (country_code, language_code, name) VALUES('SI', 'el', 'Σλοβενία');
INSERT INTO country_name (country_code, language_code, name) VALUES('AT', 'en', 'Austria');
INSERT INTO country_name (country_code, language_code, name) VALUES('BE', 'en', 'Belgium');
INSERT INTO country_name (country_code, language_code, name) VALUES('BG', 'en', 'Bulgaria');
INSERT INTO country_name (country_code, language_code, name) VALUES('CY', 'en', 'Cyprus');
INSERT INTO country_name (country_code, language_code, name) VALUES('CZ', 'en', 'Czech Republic');
INSERT INTO country_name (country_code, language_code, name) VALUES('DE', 'en', 'Germany');
INSERT INTO country_name (country_code, language_code, name) VALUES('DK', 'en', 'Denmark');
INSERT INTO country_name (country_code, language_code, name) VALUES('EE', 'en', 'Estonia');
INSERT INTO country_name (country_code, language_code, name) VALUES('EL', 'en', 'Greece');
INSERT INTO country_name (country_code, language_code, name) VALUES('ES', 'en', 'Spain');
INSERT INTO country_name (country_code, language_code, name) VALUES('FI', 'en', 'Finland');
INSERT INTO country_name (country_code, language_code, name) VALUES('FR', 'en', 'France');
INSERT INTO country_name (country_code, language_code, name) VALUES('GB', 'en', 'United Kingdom');
INSERT INTO country_name (country_code, language_code, name) VALUES('HR', 'en', 'Croatia');
INSERT INTO country_name (country_code, language_code, name) VALUES('HU', 'en', 'Hungary');
INSERT INTO country_name (country_code, language_code, name) VALUES('IE', 'en', 'Ireland');
INSERT INTO country_name (country_code, language_code, name) VALUES('IT', 'en', 'Italy');
INSERT INTO country_name (country_code, language_code, name) VALUES('LT', 'en', 'Lithuania');
INSERT INTO country_name (country_code, language_code, name) VALUES('LU', 'en', 'Luxembourg');
INSERT INTO country_name (country_code, language_code, name) VALUES('LV', 'en', 'Latvia');
INSERT INTO country_name (country_code, language_code, name) VALUES('MT', 'en', 'Malta');
INSERT INTO country_name (country_code, language_code, name) VALUES('NL', 'en', 'Netherlands');
INSERT INTO country_name (country_code, language_code, name) VALUES('PL', 'en', 'Poland');
INSERT INTO country_name (country_code, language_code, name) VALUES('PT', 'en', 'Portugal');
INSERT INTO country_name (country_code, language_code, name) VALUES('RO', 'en', 'Romania');
INSERT INTO country_name (country_code, language_code, name) VALUES('SE', 'en', 'Sweden');
INSERT INTO country_name (country_code, language_code, name) VALUES('SI', 'en', 'Slovenia');
INSERT INTO country_name (country_code, language_code, name) VALUES('SK', 'en', 'Slovakia');
INSERT INTO country_name (country_code, language_code, name) VALUES('AT', 'es', 'Austria');
INSERT INTO country_name (country_code, language_code, name) VALUES('BE', 'es', 'Bélgica');
INSERT INTO country_name (country_code, language_code, name) VALUES('BG', 'es', 'Bulgaria');
INSERT INTO country_name (country_code, language_code, name) VALUES('CY', 'es', 'Chipre');
INSERT INTO country_name (country_code, language_code, name) VALUES('CZ', 'es', 'República Checa');
INSERT INTO country_name (country_code, language_code, name) VALUES('DE', 'es', 'Alemania');
INSERT INTO country_name (country_code, language_code, name) VALUES('DK', 'es', 'Dinamarca');
INSERT INTO country_name (country_code, language_code, name) VALUES('EE', 'es', 'Estonia');
INSERT INTO country_name (country_code, language_code, name) VALUES('EL', 'es', 'Grecia');
INSERT INTO country_name (country_code, language_code, name) VALUES('ES', 'es', 'España');
INSERT INTO country_name (country_code, language_code, name) VALUES('FI', 'es', 'Finlandia');
INSERT INTO country_name (country_code, language_code, name) VALUES('FR', 'es', 'Francia');
INSERT INTO country_name (country_code, language_code, name) VALUES('GB', 'es', 'Reino Unido');
INSERT INTO country_name (country_code, language_code, name) VALUES('HR', 'es', 'Croacia');
INSERT INTO country_name (country_code, language_code, name) VALUES('HU', 'es', 'Hungría');
INSERT INTO country_name (country_code, language_code, name) VALUES('IE', 'es', 'Irlanda');
INSERT INTO country_name (country_code, language_code, name) VALUES('IT', 'es', 'Italia');
INSERT INTO country_name (country_code, language_code, name) VALUES('LT', 'es', 'Lituania');
INSERT INTO country_name (country_code, language_code, name) VALUES('LU', 'es', 'Luxemburgo');
INSERT INTO country_name (country_code, language_code, name) VALUES('LV', 'es', 'Letonia');
INSERT INTO country_name (country_code, language_code, name) VALUES('MT', 'es', 'Malta');
INSERT INTO country_name (country_code, language_code, name) VALUES('NL', 'es', 'Países Bajos');
INSERT INTO country_name (country_code, language_code, name) VALUES('PL', 'es', 'Polonia');
INSERT INTO country_name (country_code, language_code, name) VALUES('PT', 'es', 'Portugal');
INSERT INTO country_name (country_code, language_code, name) VALUES('RO', 'es', 'Rumanía');
INSERT INTO country_name (country_code, language_code, name) VALUES('SE', 'es', 'Suecia');
INSERT INTO country_name (country_code, language_code, name) VALUES('SK', 'es', 'Eslovaquia');
INSERT INTO country_name (country_code, language_code, name) VALUES('SI', 'es', 'Eslovenia');
INSERT INTO country_name (country_code, language_code, name) VALUES('AT', 'et', 'Austria');
INSERT INTO country_name (country_code, language_code, name) VALUES('BE', 'et', 'Belgia');
INSERT INTO country_name (country_code, language_code, name) VALUES('BG', 'et', 'Bulgaaria');
INSERT INTO country_name (country_code, language_code, name) VALUES('CY', 'et', 'Küpros');
INSERT INTO country_name (country_code, language_code, name) VALUES('CZ', 'et', 'Tšehhi Vabariik');
INSERT INTO country_name (country_code, language_code, name) VALUES('DE', 'et', 'Saksamaa');
INSERT INTO country_name (country_code, language_code, name) VALUES('DK', 'et', 'Taani');
INSERT INTO country_name (country_code, language_code, name) VALUES('EE', 'et', 'Eesti');
INSERT INTO country_name (country_code, language_code, name) VALUES('EL', 'et', 'Kreeka');
INSERT INTO country_name (country_code, language_code, name) VALUES('ES', 'et', 'Hispaania');
INSERT INTO country_name (country_code, language_code, name) VALUES('FI', 'et', 'Soome');
INSERT INTO country_name (country_code, language_code, name) VALUES('FR', 'et', 'Prantsusmaa');
INSERT INTO country_name (country_code, language_code, name) VALUES('GB', 'et', 'Ühendkuningriik');
INSERT INTO country_name (country_code, language_code, name) VALUES('HR', 'et', 'Horvaatia');
INSERT INTO country_name (country_code, language_code, name) VALUES('HU', 'et', 'Ungari');
INSERT INTO country_name (country_code, language_code, name) VALUES('IE', 'et', 'Iirimaa');
INSERT INTO country_name (country_code, language_code, name) VALUES('IT', 'et', 'Itaalia');
INSERT INTO country_name (country_code, language_code, name) VALUES('LT', 'et', 'Leedu');
INSERT INTO country_name (country_code, language_code, name) VALUES('LU', 'et', 'Luksemburg');
INSERT INTO country_name (country_code, language_code, name) VALUES('LV', 'et', 'Läti');
INSERT INTO country_name (country_code, language_code, name) VALUES('MT', 'et', 'Malta');
INSERT INTO country_name (country_code, language_code, name) VALUES('NL', 'et', 'Madalmaad');
INSERT INTO country_name (country_code, language_code, name) VALUES('PL', 'et', 'Poola');
INSERT INTO country_name (country_code, language_code, name) VALUES('PT', 'et', 'Portugal');
INSERT INTO country_name (country_code, language_code, name) VALUES('RO', 'et', 'Rumeenia');
INSERT INTO country_name (country_code, language_code, name) VALUES('SE', 'et', 'Rootsi');
INSERT INTO country_name (country_code, language_code, name) VALUES('SK', 'et', 'Slovakkia');
INSERT INTO country_name (country_code, language_code, name) VALUES('SI', 'et', 'Sloveenia');
INSERT INTO country_name (country_code, language_code, name) VALUES('AT', 'fi', 'Itävalta');
INSERT INTO country_name (country_code, language_code, name) VALUES('BE', 'fi', 'Belgia');
INSERT INTO country_name (country_code, language_code, name) VALUES('BG', 'fi', 'Bulgaria');
INSERT INTO country_name (country_code, language_code, name) VALUES('CY', 'fi', 'Kypros');
INSERT INTO country_name (country_code, language_code, name) VALUES('CZ', 'fi', 'Tšekki');
INSERT INTO country_name (country_code, language_code, name) VALUES('DE', 'fi', 'Saksa');
INSERT INTO country_name (country_code, language_code, name) VALUES('DK', 'fi', 'Tanska');
INSERT INTO country_name (country_code, language_code, name) VALUES('EE', 'fi', 'Viro');
INSERT INTO country_name (country_code, language_code, name) VALUES('EL', 'fi', 'Kreikka');
INSERT INTO country_name (country_code, language_code, name) VALUES('ES', 'fi', 'Espanja');
INSERT INTO country_name (country_code, language_code, name) VALUES('FI', 'fi', 'Suomi');
INSERT INTO country_name (country_code, language_code, name) VALUES('FR', 'fi', 'Ranska');
INSERT INTO country_name (country_code, language_code, name) VALUES('GB', 'fi', 'Yhdistynyt kuningaskunta');
INSERT INTO country_name (country_code, language_code, name) VALUES('HR', 'fi', 'Kroatia');
INSERT INTO country_name (country_code, language_code, name) VALUES('HU', 'fi', 'Unkari');
INSERT INTO country_name (country_code, language_code, name) VALUES('IE', 'fi', 'Irlanti');
INSERT INTO country_name (country_code, language_code, name) VALUES('IT', 'fi', 'Italia');
INSERT INTO country_name (country_code, language_code, name) VALUES('LT', 'fi', 'Liettua');
INSERT INTO country_name (country_code, language_code, name) VALUES('LU', 'fi', 'Luxemburg');
INSERT INTO country_name (country_code, language_code, name) VALUES('LV', 'fi', 'Latvia');
INSERT INTO country_name (country_code, language_code, name) VALUES('MT', 'fi', 'Malta');
INSERT INTO country_name (country_code, language_code, name) VALUES('NL', 'fi', 'Alankomaat');
INSERT INTO country_name (country_code, language_code, name) VALUES('PL', 'fi', 'Puola');
INSERT INTO country_name (country_code, language_code, name) VALUES('PT', 'fi', 'Portugali');
INSERT INTO country_name (country_code, language_code, name) VALUES('RO', 'fi', 'Romania');
INSERT INTO country_name (country_code, language_code, name) VALUES('SE', 'fi', 'Ruotsi');
INSERT INTO country_name (country_code, language_code, name) VALUES('SI', 'fi', 'Slovenia');
INSERT INTO country_name (country_code, language_code, name) VALUES('SK', 'fi', 'Slovakia');
INSERT INTO country_name (country_code, language_code, name) VALUES('AT', 'fr', 'Autriche');
INSERT INTO country_name (country_code, language_code, name) VALUES('BE', 'fr', 'Belgique');
INSERT INTO country_name (country_code, language_code, name) VALUES('BG', 'fr', 'Bulgarie');
INSERT INTO country_name (country_code, language_code, name) VALUES('CY', 'fr', 'Chypre');
INSERT INTO country_name (country_code, language_code, name) VALUES('CZ', 'fr', 'République tchèque');
INSERT INTO country_name (country_code, language_code, name) VALUES('DE', 'fr', 'Allemagne');
INSERT INTO country_name (country_code, language_code, name) VALUES('DK', 'fr', 'Danemark');
INSERT INTO country_name (country_code, language_code, name) VALUES('EE', 'fr', 'Estonie');
INSERT INTO country_name (country_code, language_code, name) VALUES('EL', 'fr', 'Grèce');
INSERT INTO country_name (country_code, language_code, name) VALUES('ES', 'fr', 'Espagne');
INSERT INTO country_name (country_code, language_code, name) VALUES('FI', 'fr', 'Finlande');
INSERT INTO country_name (country_code, language_code, name) VALUES('FR', 'fr', 'France');
INSERT INTO country_name (country_code, language_code, name) VALUES('GB', 'fr', 'Royaume-Uni');
INSERT INTO country_name (country_code, language_code, name) VALUES('HR', 'fr', 'Croatie');
INSERT INTO country_name (country_code, language_code, name) VALUES('HU', 'fr', 'Hongrie');
INSERT INTO country_name (country_code, language_code, name) VALUES('IE', 'fr', 'Irlande');
INSERT INTO country_name (country_code, language_code, name) VALUES('IT', 'fr', 'Italie');
INSERT INTO country_name (country_code, language_code, name) VALUES('LT', 'fr', 'Lituanie');
INSERT INTO country_name (country_code, language_code, name) VALUES('LU', 'fr', 'Luxembourg');
INSERT INTO country_name (country_code, language_code, name) VALUES('LV', 'fr', 'Lettonie');
INSERT INTO country_name (country_code, language_code, name) VALUES('MT', 'fr', 'Malte');
INSERT INTO country_name (country_code, language_code, name) VALUES('NL', 'fr', 'Pays-Bas');
INSERT INTO country_name (country_code, language_code, name) VALUES('PL', 'fr', 'Pologne');
INSERT INTO country_name (country_code, language_code, name) VALUES('PT', 'fr', 'Portugal');
INSERT INTO country_name (country_code, language_code, name) VALUES('RO', 'fr', 'Roumanie');
INSERT INTO country_name (country_code, language_code, name) VALUES('SE', 'fr', 'Suède');
INSERT INTO country_name (country_code, language_code, name) VALUES('SI', 'fr', 'Slovénie');
INSERT INTO country_name (country_code, language_code, name) VALUES('SK', 'fr', 'Slovaquie');
INSERT INTO country_name (country_code, language_code, name) VALUES('AT', 'ga', 'An Ostair');
INSERT INTO country_name (country_code, language_code, name) VALUES('BE', 'ga', 'An Bheilg');
INSERT INTO country_name (country_code, language_code, name) VALUES('BG', 'ga', 'An Bhulgáir');
INSERT INTO country_name (country_code, language_code, name) VALUES('CY', 'ga', 'An Chipir');
INSERT INTO country_name (country_code, language_code, name) VALUES('CZ', 'ga', 'Poblacht na Seice');
INSERT INTO country_name (country_code, language_code, name) VALUES('DE', 'ga', 'An Ghearmáin');
INSERT INTO country_name (country_code, language_code, name) VALUES('DK', 'ga', 'An Danmhairg');
INSERT INTO country_name (country_code, language_code, name) VALUES('EE', 'ga', 'An Eastóin');
INSERT INTO country_name (country_code, language_code, name) VALUES('EL', 'ga', 'An Ghréig');
INSERT INTO country_name (country_code, language_code, name) VALUES('ES', 'ga', 'An Spáinn');
INSERT INTO country_name (country_code, language_code, name) VALUES('FI', 'ga', 'An Fhionlainn');
INSERT INTO country_name (country_code, language_code, name) VALUES('FR', 'ga', 'An Fhrainc');
INSERT INTO country_name (country_code, language_code, name) VALUES('GB', 'ga', 'An Ríocht Aontaithe');
INSERT INTO country_name (country_code, language_code, name) VALUES('HR', 'ga', 'An Chróit');
INSERT INTO country_name (country_code, language_code, name) VALUES('HU', 'ga', 'An Ungáir');
INSERT INTO country_name (country_code, language_code, name) VALUES('IE', 'ga', 'Éire');
INSERT INTO country_name (country_code, language_code, name) VALUES('IT', 'ga', 'An Iodáil');
INSERT INTO country_name (country_code, language_code, name) VALUES('LT', 'ga', 'An Liotuáin');
INSERT INTO country_name (country_code, language_code, name) VALUES('LU', 'ga', 'Lucsamburg');
INSERT INTO country_name (country_code, language_code, name) VALUES('LV', 'ga', 'An Laitvia');
INSERT INTO country_name (country_code, language_code, name) VALUES('MT', 'ga', 'Málta');
INSERT INTO country_name (country_code, language_code, name) VALUES('NL', 'ga', 'An Ísiltír');
INSERT INTO country_name (country_code, language_code, name) VALUES('PL', 'ga', 'An Pholainn');
INSERT INTO country_name (country_code, language_code, name) VALUES('PT', 'ga', 'An Phortaingéil');
INSERT INTO country_name (country_code, language_code, name) VALUES('RO', 'ga', 'An Rómáin');
INSERT INTO country_name (country_code, language_code, name) VALUES('SE', 'ga', 'An tSualainn');
INSERT INTO country_name (country_code, language_code, name) VALUES('SI', 'ga', 'An tSlóivéin');
INSERT INTO country_name (country_code, language_code, name) VALUES('SK', 'ga', 'An tSlóvaic');
INSERT INTO country_name (country_code, language_code, name) VALUES('AT', 'hr', 'Austrija');
INSERT INTO country_name (country_code, language_code, name) VALUES('BE', 'hr', 'Belgija');
INSERT INTO country_name (country_code, language_code, name) VALUES('BG', 'hr', 'Bugarska');
INSERT INTO country_name (country_code, language_code, name) VALUES('CY', 'hr', 'Cipar');
INSERT INTO country_name (country_code, language_code, name) VALUES('CZ', 'hr', 'Češka');
INSERT INTO country_name (country_code, language_code, name) VALUES('DE', 'hr', 'Njemačka');
INSERT INTO country_name (country_code, language_code, name) VALUES('DK', 'hr', 'Danska');
INSERT INTO country_name (country_code, language_code, name) VALUES('EE', 'hr', 'Estonija');
INSERT INTO country_name (country_code, language_code, name) VALUES('EL', 'hr', 'Grčka');
INSERT INTO country_name (country_code, language_code, name) VALUES('ES', 'hr', 'Španjolska');
INSERT INTO country_name (country_code, language_code, name) VALUES('FI', 'hr', 'Finska');
INSERT INTO country_name (country_code, language_code, name) VALUES('FR', 'hr', 'Francuska');
INSERT INTO country_name (country_code, language_code, name) VALUES('GB', 'hr', 'Ujedinjena Kraljevina');
INSERT INTO country_name (country_code, language_code, name) VALUES('HR', 'hr', 'Hrvatska');
INSERT INTO country_name (country_code, language_code, name) VALUES('HU', 'hr', 'Mađarska');
INSERT INTO country_name (country_code, language_code, name) VALUES('IE', 'hr', 'Irska');
INSERT INTO country_name (country_code, language_code, name) VALUES('IT', 'hr', 'Italija');
INSERT INTO country_name (country_code, language_code, name) VALUES('LT', 'hr', 'Litva');
INSERT INTO country_name (country_code, language_code, name) VALUES('LU', 'hr', 'Luksemburg');
INSERT INTO country_name (country_code, language_code, name) VALUES('LV', 'hr', 'Latvija');
INSERT INTO country_name (country_code, language_code, name) VALUES('MT', 'hr', 'Malta');
INSERT INTO country_name (country_code, language_code, name) VALUES('NL', 'hr', 'Nizozemska');
INSERT INTO country_name (country_code, language_code, name) VALUES('PL', 'hr', 'Poljska');
INSERT INTO country_name (country_code, language_code, name) VALUES('PT', 'hr', 'Portugal');
INSERT INTO country_name (country_code, language_code, name) VALUES('RO', 'hr', 'Rumunjska');
INSERT INTO country_name (country_code, language_code, name) VALUES('SE', 'hr', 'Švedska');
INSERT INTO country_name (country_code, language_code, name) VALUES('SI', 'hr', 'Slovenija');
INSERT INTO country_name (country_code, language_code, name) VALUES('SK', 'hr', 'Slovačka');
INSERT INTO country_name (country_code, language_code, name) VALUES('AT', 'hu', 'Ausztria');
INSERT INTO country_name (country_code, language_code, name) VALUES('BE', 'hu', 'Belgium');
INSERT INTO country_name (country_code, language_code, name) VALUES('BG', 'hu', 'Bulgária');
INSERT INTO country_name (country_code, language_code, name) VALUES('CY', 'hu', 'Ciprus');
INSERT INTO country_name (country_code, language_code, name) VALUES('CZ', 'hu', 'Cseh Köztársaság');
INSERT INTO country_name (country_code, language_code, name) VALUES('DE', 'hu', 'Németország');
INSERT INTO country_name (country_code, language_code, name) VALUES('DK', 'hu', 'Dánia');
INSERT INTO country_name (country_code, language_code, name) VALUES('EE', 'hu', 'Észtország');
INSERT INTO country_name (country_code, language_code, name) VALUES('EL', 'hu', 'Görögország');
INSERT INTO country_name (country_code, language_code, name) VALUES('ES', 'hu', 'Spanyolország');
INSERT INTO country_name (country_code, language_code, name) VALUES('FI', 'hu', 'Finnország');
INSERT INTO country_name (country_code, language_code, name) VALUES('FR', 'hu', 'Franciaország');
INSERT INTO country_name (country_code, language_code, name) VALUES('GB', 'hu', 'Egyesült Királyság');
INSERT INTO country_name (country_code, language_code, name) VALUES('HR', 'hu', 'Horvátország');
INSERT INTO country_name (country_code, language_code, name) VALUES('HU', 'hu', 'Magyarország');
INSERT INTO country_name (country_code, language_code, name) VALUES('IE', 'hu', 'Írország');
INSERT INTO country_name (country_code, language_code, name) VALUES('IT', 'hu', 'Olaszország');
INSERT INTO country_name (country_code, language_code, name) VALUES('MT', 'hu', 'Málta');
INSERT INTO country_name (country_code, language_code, name) VALUES('NL', 'hu', 'Hollandia');
INSERT INTO country_name (country_code, language_code, name) VALUES('LT', 'hu', 'Litvánia');
INSERT INTO country_name (country_code, language_code, name) VALUES('LU', 'hu', 'Luxemburg');
INSERT INTO country_name (country_code, language_code, name) VALUES('LV', 'hu', 'Lettország');
INSERT INTO country_name (country_code, language_code, name) VALUES('PL', 'hu', 'Lengyelország');
INSERT INTO country_name (country_code, language_code, name) VALUES('PT', 'hu', 'Portugália');
INSERT INTO country_name (country_code, language_code, name) VALUES('RO', 'hu', 'Románia');
INSERT INTO country_name (country_code, language_code, name) VALUES('SE', 'hu', 'Svédország');
INSERT INTO country_name (country_code, language_code, name) VALUES('SK', 'hu', 'Szlovákia');
INSERT INTO country_name (country_code, language_code, name) VALUES('SI', 'hu', 'Szlovénia');
INSERT INTO country_name (country_code, language_code, name) VALUES('AT', 'it', 'Austria');
INSERT INTO country_name (country_code, language_code, name) VALUES('BE', 'it', 'Belgio');
INSERT INTO country_name (country_code, language_code, name) VALUES('BG', 'it', 'Bulgaria');
INSERT INTO country_name (country_code, language_code, name) VALUES('CY', 'it', 'Cipro');
INSERT INTO country_name (country_code, language_code, name) VALUES('CZ', 'it', 'Repubblica ceca');
INSERT INTO country_name (country_code, language_code, name) VALUES('DE', 'it', 'Germania');
INSERT INTO country_name (country_code, language_code, name) VALUES('DK', 'it', 'Danimarca');
INSERT INTO country_name (country_code, language_code, name) VALUES('EE', 'it', 'Estonia');
INSERT INTO country_name (country_code, language_code, name) VALUES('EL', 'it', 'Grecia');
INSERT INTO country_name (country_code, language_code, name) VALUES('ES', 'it', 'Spagna');
INSERT INTO country_name (country_code, language_code, name) VALUES('FI', 'it', 'Finlandia');
INSERT INTO country_name (country_code, language_code, name) VALUES('FR', 'it', 'Francia');
INSERT INTO country_name (country_code, language_code, name) VALUES('GB', 'it', 'Regno Unito');
INSERT INTO country_name (country_code, language_code, name) VALUES('HR', 'it', 'Croazia');
INSERT INTO country_name (country_code, language_code, name) VALUES('HU', 'it', 'Ungheria');
INSERT INTO country_name (country_code, language_code, name) VALUES('IE', 'it', 'Irlanda');
INSERT INTO country_name (country_code, language_code, name) VALUES('IT', 'it', 'Italia');
INSERT INTO country_name (country_code, language_code, name) VALUES('LT', 'it', 'Lituania');
INSERT INTO country_name (country_code, language_code, name) VALUES('LU', 'it', 'Lussemburgo');
INSERT INTO country_name (country_code, language_code, name) VALUES('LV', 'it', 'Lettonia');
INSERT INTO country_name (country_code, language_code, name) VALUES('MT', 'it', 'Malta');
INSERT INTO country_name (country_code, language_code, name) VALUES('NL', 'it', 'Paesi Bassi');
INSERT INTO country_name (country_code, language_code, name) VALUES('PL', 'it', 'Polonia');
INSERT INTO country_name (country_code, language_code, name) VALUES('PT', 'it', 'Portogallo');
INSERT INTO country_name (country_code, language_code, name) VALUES('RO', 'it', 'Romania');
INSERT INTO country_name (country_code, language_code, name) VALUES('SE', 'it', 'Svezia');
INSERT INTO country_name (country_code, language_code, name) VALUES('SI', 'it', 'Slovenia');
INSERT INTO country_name (country_code, language_code, name) VALUES('SK', 'it', 'Slovacchia');
INSERT INTO country_name (country_code, language_code, name) VALUES('AT', 'lt', 'Austrija');
INSERT INTO country_name (country_code, language_code, name) VALUES('BE', 'lt', 'Belgija');
INSERT INTO country_name (country_code, language_code, name) VALUES('BG', 'lt', 'Bulgarija');
INSERT INTO country_name (country_code, language_code, name) VALUES('CY', 'lt', 'Kipras');
INSERT INTO country_name (country_code, language_code, name) VALUES('CZ', 'lt', 'Čekija');
INSERT INTO country_name (country_code, language_code, name) VALUES('DE', 'lt', 'Vokietija');
INSERT INTO country_name (country_code, language_code, name) VALUES('DK', 'lt', 'Danija');
INSERT INTO country_name (country_code, language_code, name) VALUES('EE', 'lt', 'Estija');
INSERT INTO country_name (country_code, language_code, name) VALUES('EL', 'lt', 'Graikija');
INSERT INTO country_name (country_code, language_code, name) VALUES('ES', 'lt', 'Ispanija');
INSERT INTO country_name (country_code, language_code, name) VALUES('FI', 'lt', 'Suomija');
INSERT INTO country_name (country_code, language_code, name) VALUES('FR', 'lt', 'Prancūzija');
INSERT INTO country_name (country_code, language_code, name) VALUES('IE', 'lt', 'Airija');
INSERT INTO country_name (country_code, language_code, name) VALUES('IT', 'lt', 'Italija');
INSERT INTO country_name (country_code, language_code, name) VALUES('GB', 'lt', 'Jungtinė Karalystė');
INSERT INTO country_name (country_code, language_code, name) VALUES('HR', 'lt', 'Kroatija');
INSERT INTO country_name (country_code, language_code, name) VALUES('HU', 'lt', 'Vengrija');
INSERT INTO country_name (country_code, language_code, name) VALUES('LV', 'lt', 'Latvija');
INSERT INTO country_name (country_code, language_code, name) VALUES('LT', 'lt', 'Lietuva');
INSERT INTO country_name (country_code, language_code, name) VALUES('LU', 'lt', 'Liuksemburgas');
INSERT INTO country_name (country_code, language_code, name) VALUES('MT', 'lt', 'Malta');
INSERT INTO country_name (country_code, language_code, name) VALUES('NL', 'lt', 'Nyderlandai');
INSERT INTO country_name (country_code, language_code, name) VALUES('PL', 'lt', 'Lenkija');
INSERT INTO country_name (country_code, language_code, name) VALUES('PT', 'lt', 'Portugalija');
INSERT INTO country_name (country_code, language_code, name) VALUES('RO', 'lt', 'Rumunija');
INSERT INTO country_name (country_code, language_code, name) VALUES('SE', 'lt', 'Švedija');
INSERT INTO country_name (country_code, language_code, name) VALUES('SK', 'lt', 'Slovakija');
INSERT INTO country_name (country_code, language_code, name) VALUES('SI', 'lt', 'Slovėnija');
INSERT INTO country_name (country_code, language_code, name) VALUES('AT', 'lv', 'Austrija');
INSERT INTO country_name (country_code, language_code, name) VALUES('BE', 'lv', 'Beļģija');
INSERT INTO country_name (country_code, language_code, name) VALUES('BG', 'lv', 'Bulgārija');
INSERT INTO country_name (country_code, language_code, name) VALUES('CY', 'lv', 'Kipra');
INSERT INTO country_name (country_code, language_code, name) VALUES('CZ', 'lv', 'Čehija');
INSERT INTO country_name (country_code, language_code, name) VALUES('DE', 'lv', 'Vācija');
INSERT INTO country_name (country_code, language_code, name) VALUES('DK', 'lv', 'Dānija');
INSERT INTO country_name (country_code, language_code, name) VALUES('FR', 'lv', 'Francija');
INSERT INTO country_name (country_code, language_code, name) VALUES('EE', 'lv', 'Igaunija');
INSERT INTO country_name (country_code, language_code, name) VALUES('EL', 'lv', 'Grieķija');
INSERT INTO country_name (country_code, language_code, name) VALUES('ES', 'lv', 'Spānija');
INSERT INTO country_name (country_code, language_code, name) VALUES('FI', 'lv', 'Somija');
INSERT INTO country_name (country_code, language_code, name) VALUES('GB', 'lv', 'Apvienotā Karaliste');
INSERT INTO country_name (country_code, language_code, name) VALUES('HR', 'lv', 'Horvātija');
INSERT INTO country_name (country_code, language_code, name) VALUES('HU', 'lv', 'Ungārija');
INSERT INTO country_name (country_code, language_code, name) VALUES('IE', 'lv', 'Īrija');
INSERT INTO country_name (country_code, language_code, name) VALUES('IT', 'lv', 'Itālija');
INSERT INTO country_name (country_code, language_code, name) VALUES('LT', 'lv', 'Lietuva');
INSERT INTO country_name (country_code, language_code, name) VALUES('LU', 'lv', 'Luksemburga');
INSERT INTO country_name (country_code, language_code, name) VALUES('LV', 'lv', 'Latvija');
INSERT INTO country_name (country_code, language_code, name) VALUES('MT', 'lv', 'Malta');
INSERT INTO country_name (country_code, language_code, name) VALUES('NL', 'lv', 'Nīderlande');
INSERT INTO country_name (country_code, language_code, name) VALUES('PL', 'lv', 'Polija');
INSERT INTO country_name (country_code, language_code, name) VALUES('PT', 'lv', 'Portugāle');
INSERT INTO country_name (country_code, language_code, name) VALUES('RO', 'lv', 'Rumānija');
INSERT INTO country_name (country_code, language_code, name) VALUES('SE', 'lv', 'Zviedrija');
INSERT INTO country_name (country_code, language_code, name) VALUES('SK', 'lv', 'Slovākija');
INSERT INTO country_name (country_code, language_code, name) VALUES('SI', 'lv', 'Slovēnija');
INSERT INTO country_name (country_code, language_code, name) VALUES('AT', 'mt', 'L-Awstrija');
INSERT INTO country_name (country_code, language_code, name) VALUES('BE', 'mt', 'Il-Belġju');
INSERT INTO country_name (country_code, language_code, name) VALUES('BG', 'mt', 'Il-Bulgarija');
INSERT INTO country_name (country_code, language_code, name) VALUES('CY', 'mt', 'Ċipru');
INSERT INTO country_name (country_code, language_code, name) VALUES('CZ', 'mt', 'Ir-Repubblika Ċeka');
INSERT INTO country_name (country_code, language_code, name) VALUES('DE', 'mt', 'Il-Ġermanja');
INSERT INTO country_name (country_code, language_code, name) VALUES('DK', 'mt', 'Id-Danimarka');
INSERT INTO country_name (country_code, language_code, name) VALUES('EE', 'mt', 'L-Estonja');
INSERT INTO country_name (country_code, language_code, name) VALUES('EL', 'mt', 'Il-Greċja');
INSERT INTO country_name (country_code, language_code, name) VALUES('ES', 'mt', 'Spanja');
INSERT INTO country_name (country_code, language_code, name) VALUES('FI', 'mt', 'Il-Finlandja');
INSERT INTO country_name (country_code, language_code, name) VALUES('FR', 'mt', 'Franza');
INSERT INTO country_name (country_code, language_code, name) VALUES('GB', 'mt', 'Ir-Renju Unit');
INSERT INTO country_name (country_code, language_code, name) VALUES('HR', 'mt', 'Il-Kroazja');
INSERT INTO country_name (country_code, language_code, name) VALUES('HU', 'mt', 'L-Ungerija');
INSERT INTO country_name (country_code, language_code, name) VALUES('IE', 'mt', 'L-Irlanda');
INSERT INTO country_name (country_code, language_code, name) VALUES('IT', 'mt', 'L-Italja');
INSERT INTO country_name (country_code, language_code, name) VALUES('LT', 'mt', 'Il-Litwanja');
INSERT INTO country_name (country_code, language_code, name) VALUES('LU', 'mt', 'Il-Lussemburgu');
INSERT INTO country_name (country_code, language_code, name) VALUES('LV', 'mt', 'Il-Latvja');
INSERT INTO country_name (country_code, language_code, name) VALUES('MT', 'mt', 'Malta');
INSERT INTO country_name (country_code, language_code, name) VALUES('NL', 'mt', 'Il-Pajjiżi l-Baxxi');
INSERT INTO country_name (country_code, language_code, name) VALUES('PL', 'mt', 'Il-Polonja');
INSERT INTO country_name (country_code, language_code, name) VALUES('PT', 'mt', 'Il-Portugall');
INSERT INTO country_name (country_code, language_code, name) VALUES('RO', 'mt', 'Ir-Rumanija');
INSERT INTO country_name (country_code, language_code, name) VALUES('SE', 'mt', 'L-Isvezja');
INSERT INTO country_name (country_code, language_code, name) VALUES('SI', 'mt', 'Is-Slovenja');
INSERT INTO country_name (country_code, language_code, name) VALUES('SK', 'mt', 'Is-Slovakkja');
INSERT INTO country_name (country_code, language_code, name) VALUES('AT', 'nl', 'Oostenrijk');
INSERT INTO country_name (country_code, language_code, name) VALUES('BE', 'nl', 'België');
INSERT INTO country_name (country_code, language_code, name) VALUES('BG', 'nl', 'Bulgarije');
INSERT INTO country_name (country_code, language_code, name) VALUES('CY', 'nl', 'Cyprus');
INSERT INTO country_name (country_code, language_code, name) VALUES('CZ', 'nl', 'Tsjechië');
INSERT INTO country_name (country_code, language_code, name) VALUES('DE', 'nl', 'Duitsland');
INSERT INTO country_name (country_code, language_code, name) VALUES('DK', 'nl', 'Denemarken');
INSERT INTO country_name (country_code, language_code, name) VALUES('EE', 'nl', 'Estland');
INSERT INTO country_name (country_code, language_code, name) VALUES('EL', 'nl', 'Griekenland');
INSERT INTO country_name (country_code, language_code, name) VALUES('ES', 'nl', 'Spanje');
INSERT INTO country_name (country_code, language_code, name) VALUES('FI', 'nl', 'Finland');
INSERT INTO country_name (country_code, language_code, name) VALUES('FR', 'nl', 'Frankrijk');
INSERT INTO country_name (country_code, language_code, name) VALUES('GB', 'nl', 'Verenigd Koninkrijk');
INSERT INTO country_name (country_code, language_code, name) VALUES('HR', 'nl', 'Kroatië');
INSERT INTO country_name (country_code, language_code, name) VALUES('HU', 'nl', 'Hongarije');
INSERT INTO country_name (country_code, language_code, name) VALUES('IE', 'nl', 'Ierland');
INSERT INTO country_name (country_code, language_code, name) VALUES('IT', 'nl', 'Italië');
INSERT INTO country_name (country_code, language_code, name) VALUES('LT', 'nl', 'Litouwen');
INSERT INTO country_name (country_code, language_code, name) VALUES('LU', 'nl', 'Luxemburg');
INSERT INTO country_name (country_code, language_code, name) VALUES('LV', 'nl', 'Letland');
INSERT INTO country_name (country_code, language_code, name) VALUES('MT', 'nl', 'Malta');
INSERT INTO country_name (country_code, language_code, name) VALUES('NL', 'nl', 'Nederland');
INSERT INTO country_name (country_code, language_code, name) VALUES('PL', 'nl', 'Polen');
INSERT INTO country_name (country_code, language_code, name) VALUES('PT', 'nl', 'Portugal');
INSERT INTO country_name (country_code, language_code, name) VALUES('RO', 'nl', 'Roemenië');
INSERT INTO country_name (country_code, language_code, name) VALUES('SE', 'nl', 'Zweden');
INSERT INTO country_name (country_code, language_code, name) VALUES('SI', 'nl', 'Slovenië');
INSERT INTO country_name (country_code, language_code, name) VALUES('SK', 'nl', 'Slowakije');
INSERT INTO country_name (country_code, language_code, name) VALUES('AT', 'pl', 'Austria');
INSERT INTO country_name (country_code, language_code, name) VALUES('BE', 'pl', 'Belgia');
INSERT INTO country_name (country_code, language_code, name) VALUES('BG', 'pl', 'Bułgaria');
INSERT INTO country_name (country_code, language_code, name) VALUES('CY', 'pl', 'Cypr');
INSERT INTO country_name (country_code, language_code, name) VALUES('CZ', 'pl', 'Czechy');
INSERT INTO country_name (country_code, language_code, name) VALUES('DE', 'pl', 'Niemcy');
INSERT INTO country_name (country_code, language_code, name) VALUES('DK', 'pl', 'Dania');
INSERT INTO country_name (country_code, language_code, name) VALUES('EE', 'pl', 'Estonia');
INSERT INTO country_name (country_code, language_code, name) VALUES('EL', 'pl', 'Grecja');
INSERT INTO country_name (country_code, language_code, name) VALUES('ES', 'pl', 'Hiszpania');
INSERT INTO country_name (country_code, language_code, name) VALUES('FI', 'pl', 'Finlandia');
INSERT INTO country_name (country_code, language_code, name) VALUES('FR', 'pl', 'Francja');
INSERT INTO country_name (country_code, language_code, name) VALUES('GB', 'pl', 'Zjednoczone Królestwo');
INSERT INTO country_name (country_code, language_code, name) VALUES('HR', 'pl', 'Chorwacja');
INSERT INTO country_name (country_code, language_code, name) VALUES('HU', 'pl', 'Węgry');
INSERT INTO country_name (country_code, language_code, name) VALUES('IE', 'pl', 'Irlandia');
INSERT INTO country_name (country_code, language_code, name) VALUES('IT', 'pl', 'Włochy');
INSERT INTO country_name (country_code, language_code, name) VALUES('LT', 'pl', 'Litwa');
INSERT INTO country_name (country_code, language_code, name) VALUES('LU', 'pl', 'Luksemburg');
INSERT INTO country_name (country_code, language_code, name) VALUES('LV', 'pl', 'Łotwa');
INSERT INTO country_name (country_code, language_code, name) VALUES('MT', 'pl', 'Malta');
INSERT INTO country_name (country_code, language_code, name) VALUES('NL', 'pl', 'Holandia');
INSERT INTO country_name (country_code, language_code, name) VALUES('PL', 'pl', 'Polska');
INSERT INTO country_name (country_code, language_code, name) VALUES('PT', 'pl', 'Portugalia');
INSERT INTO country_name (country_code, language_code, name) VALUES('RO', 'pl', 'Rumunia');
INSERT INTO country_name (country_code, language_code, name) VALUES('SE', 'pl', 'Szwecja');
INSERT INTO country_name (country_code, language_code, name) VALUES('SK', 'pl', 'Słowacja');
INSERT INTO country_name (country_code, language_code, name) VALUES('SI', 'pl', 'Słowenia');
INSERT INTO country_name (country_code, language_code, name) VALUES('AT', 'pt', 'Áustria');
INSERT INTO country_name (country_code, language_code, name) VALUES('BE', 'pt', 'Bélgica');
INSERT INTO country_name (country_code, language_code, name) VALUES('BG', 'pt', 'Bulgária');
INSERT INTO country_name (country_code, language_code, name) VALUES('CY', 'pt', 'Chipre');
INSERT INTO country_name (country_code, language_code, name) VALUES('CZ', 'pt', 'República Checa');
INSERT INTO country_name (country_code, language_code, name) VALUES('DE', 'pt', 'Alemanha');
INSERT INTO country_name (country_code, language_code, name) VALUES('DK', 'pt', 'Dinamarca');
INSERT INTO country_name (country_code, language_code, name) VALUES('EL', 'pt', 'Grécia');
INSERT INTO country_name (country_code, language_code, name) VALUES('EE', 'pt', 'Estónia');
INSERT INTO country_name (country_code, language_code, name) VALUES('ES', 'pt', 'Espanha');
INSERT INTO country_name (country_code, language_code, name) VALUES('FI', 'pt', 'Finlândia');
INSERT INTO country_name (country_code, language_code, name) VALUES('FR', 'pt', 'França');
INSERT INTO country_name (country_code, language_code, name) VALUES('GB', 'pt', 'Reino Unido');
INSERT INTO country_name (country_code, language_code, name) VALUES('HR', 'pt', 'Croácia');
INSERT INTO country_name (country_code, language_code, name) VALUES('HU', 'pt', 'Hungria');
INSERT INTO country_name (country_code, language_code, name) VALUES('IE', 'pt', 'Irlanda');
INSERT INTO country_name (country_code, language_code, name) VALUES('IT', 'pt', 'Itália');
INSERT INTO country_name (country_code, language_code, name) VALUES('LT', 'pt', 'Lituânia');
INSERT INTO country_name (country_code, language_code, name) VALUES('LU', 'pt', 'Luxemburgo');
INSERT INTO country_name (country_code, language_code, name) VALUES('LV', 'pt', 'Letónia');
INSERT INTO country_name (country_code, language_code, name) VALUES('MT', 'pt', 'Malta');
INSERT INTO country_name (country_code, language_code, name) VALUES('NL', 'pt', 'Países Baixos');
INSERT INTO country_name (country_code, language_code, name) VALUES('PL', 'pt', 'Polónia');
INSERT INTO country_name (country_code, language_code, name) VALUES('PT', 'pt', 'Portugal');
INSERT INTO country_name (country_code, language_code, name) VALUES('RO', 'pt', 'Roménia');
INSERT INTO country_name (country_code, language_code, name) VALUES('SE', 'pt', 'Suécia');
INSERT INTO country_name (country_code, language_code, name) VALUES('SI', 'pt', 'Eslovénia');
INSERT INTO country_name (country_code, language_code, name) VALUES('SK', 'pt', 'Eslováquia');
INSERT INTO country_name (country_code, language_code, name) VALUES('AT', 'ro', 'Austria');
INSERT INTO country_name (country_code, language_code, name) VALUES('BE', 'ro', 'Belgia');
INSERT INTO country_name (country_code, language_code, name) VALUES('BG', 'ro', 'Bulgaria');
INSERT INTO country_name (country_code, language_code, name) VALUES('CY', 'ro', 'Cipru');
INSERT INTO country_name (country_code, language_code, name) VALUES('CZ', 'ro', 'Republica Cehă');
INSERT INTO country_name (country_code, language_code, name) VALUES('DE', 'ro', 'Germania');
INSERT INTO country_name (country_code, language_code, name) VALUES('DK', 'ro', 'Danemarca');
INSERT INTO country_name (country_code, language_code, name) VALUES('EE', 'ro', 'Estonia');
INSERT INTO country_name (country_code, language_code, name) VALUES('EL', 'ro', 'Grecia');
INSERT INTO country_name (country_code, language_code, name) VALUES('ES', 'ro', 'Spania');
INSERT INTO country_name (country_code, language_code, name) VALUES('FI', 'ro', 'Finlanda');
INSERT INTO country_name (country_code, language_code, name) VALUES('FR', 'ro', 'Franța');
INSERT INTO country_name (country_code, language_code, name) VALUES('GB', 'ro', 'Regatul Unit');
INSERT INTO country_name (country_code, language_code, name) VALUES('HR', 'ro', 'Croația');
INSERT INTO country_name (country_code, language_code, name) VALUES('HU', 'ro', 'Ungaria');
INSERT INTO country_name (country_code, language_code, name) VALUES('IE', 'ro', 'Irlanda');
INSERT INTO country_name (country_code, language_code, name) VALUES('IT', 'ro', 'Italia');
INSERT INTO country_name (country_code, language_code, name) VALUES('LT', 'ro', 'Lituania');
INSERT INTO country_name (country_code, language_code, name) VALUES('LU', 'ro', 'Luxemburg');
INSERT INTO country_name (country_code, language_code, name) VALUES('LV', 'ro', 'Letonia');
INSERT INTO country_name (country_code, language_code, name) VALUES('MT', 'ro', 'Malta');
INSERT INTO country_name (country_code, language_code, name) VALUES('NL', 'ro', 'Țările de Jos');
INSERT INTO country_name (country_code, language_code, name) VALUES('PL', 'ro', 'Polonia');
INSERT INTO country_name (country_code, language_code, name) VALUES('PT', 'ro', 'Portugalia');
INSERT INTO country_name (country_code, language_code, name) VALUES('RO', 'ro', 'România');
INSERT INTO country_name (country_code, language_code, name) VALUES('SE', 'ro', 'Suedia');
INSERT INTO country_name (country_code, language_code, name) VALUES('SI', 'ro', 'Slovenia');
INSERT INTO country_name (country_code, language_code, name) VALUES('SK', 'ro', 'Slovacia');
INSERT INTO country_name (country_code, language_code, name) VALUES('AT', 'sk', 'Rakúsko');
INSERT INTO country_name (country_code, language_code, name) VALUES('BE', 'sk', 'Belgicko');
INSERT INTO country_name (country_code, language_code, name) VALUES('BG', 'sk', 'Bulharsko');
INSERT INTO country_name (country_code, language_code, name) VALUES('CY', 'sk', 'Cyprus');
INSERT INTO country_name (country_code, language_code, name) VALUES('CZ', 'sk', 'Česká republika');
INSERT INTO country_name (country_code, language_code, name) VALUES('DE', 'sk', 'Nemecko');
INSERT INTO country_name (country_code, language_code, name) VALUES('DK', 'sk', 'Dánsko');
INSERT INTO country_name (country_code, language_code, name) VALUES('EE', 'sk', 'Estónsko');
INSERT INTO country_name (country_code, language_code, name) VALUES('EL', 'sk', 'Grécko');
INSERT INTO country_name (country_code, language_code, name) VALUES('ES', 'sk', 'Španielsko');
INSERT INTO country_name (country_code, language_code, name) VALUES('FI', 'sk', 'Fínsko');
INSERT INTO country_name (country_code, language_code, name) VALUES('FR', 'sk', 'Francúzsko');
INSERT INTO country_name (country_code, language_code, name) VALUES('GB', 'sk', 'Spojené kráľovstvo');
INSERT INTO country_name (country_code, language_code, name) VALUES('HR', 'sk', 'Chorvátsko');
INSERT INTO country_name (country_code, language_code, name) VALUES('HU', 'sk', 'Maďarsko');
INSERT INTO country_name (country_code, language_code, name) VALUES('IE', 'sk', 'Írsko');
INSERT INTO country_name (country_code, language_code, name) VALUES('IT', 'sk', 'Taliansko');
INSERT INTO country_name (country_code, language_code, name) VALUES('LT', 'sk', 'Litva');
INSERT INTO country_name (country_code, language_code, name) VALUES('LU', 'sk', 'Luxembursko');
INSERT INTO country_name (country_code, language_code, name) VALUES('LV', 'sk', 'Lotyšsko');
INSERT INTO country_name (country_code, language_code, name) VALUES('MT', 'sk', 'Malta');
INSERT INTO country_name (country_code, language_code, name) VALUES('NL', 'sk', 'Holandsko');
INSERT INTO country_name (country_code, language_code, name) VALUES('PL', 'sk', 'Poľsko');
INSERT INTO country_name (country_code, language_code, name) VALUES('PT', 'sk', 'Portugalsko');
INSERT INTO country_name (country_code, language_code, name) VALUES('RO', 'sk', 'Rumunsko');
INSERT INTO country_name (country_code, language_code, name) VALUES('SE', 'sk', 'Švédsko');
INSERT INTO country_name (country_code, language_code, name) VALUES('SI', 'sk', 'Slovinsko');
INSERT INTO country_name (country_code, language_code, name) VALUES('SK', 'sk', 'Slovensko');
INSERT INTO country_name (country_code, language_code, name) VALUES('AT', 'sl', 'Avstrija');
INSERT INTO country_name (country_code, language_code, name) VALUES('BE', 'sl', 'Belgija');
INSERT INTO country_name (country_code, language_code, name) VALUES('BG', 'sl', 'Bolgarija');
INSERT INTO country_name (country_code, language_code, name) VALUES('CY', 'sl', 'Ciper');
INSERT INTO country_name (country_code, language_code, name) VALUES('CZ', 'sl', 'Češka');
INSERT INTO country_name (country_code, language_code, name) VALUES('DE', 'sl', 'Nemčija');
INSERT INTO country_name (country_code, language_code, name) VALUES('DK', 'sl', 'Danska');
INSERT INTO country_name (country_code, language_code, name) VALUES('EE', 'sl', 'Estonija');
INSERT INTO country_name (country_code, language_code, name) VALUES('EL', 'sl', 'Grčija');
INSERT INTO country_name (country_code, language_code, name) VALUES('ES', 'sl', 'Španija');
INSERT INTO country_name (country_code, language_code, name) VALUES('FI', 'sl', 'Finska');
INSERT INTO country_name (country_code, language_code, name) VALUES('FR', 'sl', 'Francija');
INSERT INTO country_name (country_code, language_code, name) VALUES('GB', 'sl', 'Združeno kraljestvo');
INSERT INTO country_name (country_code, language_code, name) VALUES('HR', 'sl', 'Hrvaška');
INSERT INTO country_name (country_code, language_code, name) VALUES('HU', 'sl', 'Madžarska');
INSERT INTO country_name (country_code, language_code, name) VALUES('IE', 'sl', 'Irska');
INSERT INTO country_name (country_code, language_code, name) VALUES('IT', 'sl', 'Italija');
INSERT INTO country_name (country_code, language_code, name) VALUES('LT', 'sl', 'Litva');
INSERT INTO country_name (country_code, language_code, name) VALUES('LU', 'sl', 'Luksemburg');
INSERT INTO country_name (country_code, language_code, name) VALUES('LV', 'sl', 'Latvija');
INSERT INTO country_name (country_code, language_code, name) VALUES('MT', 'sl', 'Malta');
INSERT INTO country_name (country_code, language_code, name) VALUES('NL', 'sl', 'Nizozemska');
INSERT INTO country_name (country_code, language_code, name) VALUES('PL', 'sl', 'Poljska');
INSERT INTO country_name (country_code, language_code, name) VALUES('PT', 'sl', 'Portugalska');
INSERT INTO country_name (country_code, language_code, name) VALUES('RO', 'sl', 'Romunija');
INSERT INTO country_name (country_code, language_code, name) VALUES('SE', 'sl', 'Švedska');
INSERT INTO country_name (country_code, language_code, name) VALUES('SI', 'sl', 'Slovenija');
INSERT INTO country_name (country_code, language_code, name) VALUES('SK', 'sl', 'Slovaška');
INSERT INTO country_name (country_code, language_code, name) VALUES('AT', 'sv', 'Österrike');
INSERT INTO country_name (country_code, language_code, name) VALUES('BE', 'sv', 'Belgien');
INSERT INTO country_name (country_code, language_code, name) VALUES('BG', 'sv', 'Bulgarien');
INSERT INTO country_name (country_code, language_code, name) VALUES('CY', 'sv', 'Cypern');
INSERT INTO country_name (country_code, language_code, name) VALUES('CZ', 'sv', 'Tjeckien');
INSERT INTO country_name (country_code, language_code, name) VALUES('DE', 'sv', 'Tyskland');
INSERT INTO country_name (country_code, language_code, name) VALUES('DK', 'sv', 'Danmark');
INSERT INTO country_name (country_code, language_code, name) VALUES('EE', 'sv', 'Estland');
INSERT INTO country_name (country_code, language_code, name) VALUES('EL', 'sv', 'Grekland');
INSERT INTO country_name (country_code, language_code, name) VALUES('ES', 'sv', 'Spanien');
INSERT INTO country_name (country_code, language_code, name) VALUES('FI', 'sv', 'Finland');
INSERT INTO country_name (country_code, language_code, name) VALUES('FR', 'sv', 'Frankrike');
INSERT INTO country_name (country_code, language_code, name) VALUES('GB', 'sv', 'Storbritannien');
INSERT INTO country_name (country_code, language_code, name) VALUES('HR', 'sv', 'Kroatien');
INSERT INTO country_name (country_code, language_code, name) VALUES('HU', 'sv', 'Ungern');
INSERT INTO country_name (country_code, language_code, name) VALUES('IE', 'sv', 'Irland');
INSERT INTO country_name (country_code, language_code, name) VALUES('IT', 'sv', 'Italien');
INSERT INTO country_name (country_code, language_code, name) VALUES('LT', 'sv', 'Litauen');
INSERT INTO country_name (country_code, language_code, name) VALUES('LU', 'sv', 'Luxemburg');
INSERT INTO country_name (country_code, language_code, name) VALUES('LV', 'sv', 'Lettland');
INSERT INTO country_name (country_code, language_code, name) VALUES('MT', 'sv', 'Malta');
INSERT INTO country_name (country_code, language_code, name) VALUES('NL', 'sv', 'Nederländerna');
INSERT INTO country_name (country_code, language_code, name) VALUES('PL', 'sv', 'Polen');
INSERT INTO country_name (country_code, language_code, name) VALUES('PT', 'sv', 'Portugal');
INSERT INTO country_name (country_code, language_code, name) VALUES('RO', 'sv', 'Rumänien');
INSERT INTO country_name (country_code, language_code, name) VALUES('SE', 'sv', 'Sverige');
INSERT INTO country_name (country_code, language_code, name) VALUES('SI', 'sv', 'Slovenien');
INSERT INTO country_name (country_code, language_code, name) VALUES('SK', 'sv', 'Slovakien');
-- union_name.csv
INSERT INTO union_name (language_code, name) VALUES('bg', 'Европейски съюз');
INSERT INTO union_name (language_code, name) VALUES('cs', 'Evropské unie');
INSERT INTO union_name (language_code, name) VALUES('da', 'Den Europæiske Union');
INSERT INTO union_name (language_code, name) VALUES('de', 'Europäischen Union');
INSERT INTO union_name (language_code, name) VALUES('et', 'Euroopa Liit');
INSERT INTO union_name (language_code, name) VALUES('el', 'Ευρωπαϊκή Ένωση');
INSERT INTO union_name (language_code, name) VALUES('en', 'European Union');
INSERT INTO union_name (language_code, name) VALUES('es', 'Unión Europea');
INSERT INTO union_name (language_code, name) VALUES('fi', 'Euroopan unioni');
INSERT INTO union_name (language_code, name) VALUES('fr', 'Union européenne');
INSERT INTO union_name (language_code, name) VALUES('ga', 'an tAontas Eorpach');
INSERT INTO union_name (language_code, name) VALUES('hr', 'Europska unija');
INSERT INTO union_name (language_code, name) VALUES('it', 'Unione europea');
INSERT INTO union_name (language_code, name) VALUES('lt', 'Europos Sąjunga');
INSERT INTO union_name (language_code, name) VALUES('lv', 'Eiropas Savienība');
INSERT INTO union_name (language_code, name) VALUES('hu', 'Európai Unió');
INSERT INTO union_name (language_code, name) VALUES('mt', 'L-Unjoni Ewropea');
INSERT INTO union_name (language_code, name) VALUES('nl', 'Europese Unie');
INSERT INTO union_name (language_code, name) VALUES('pl', 'Unia Europejska');
INSERT INTO union_name (language_code, name) VALUES('pt', 'União Europeia');
INSERT INTO union_name (language_code, name) VALUES('ro', 'Uniunea Europeană');
INSERT INTO union_name (language_code, name) VALUES('sl', 'Evropske unija');
INSERT INTO union_name (language_code, name) VALUES('sk', 'Európska únia');
INSERT INTO union_name (language_code, name) VALUES('sv', 'Europeiska unionen');
-- membership.csv
INSERT INTO membership (country_code, union_date, euro_date, schengen_date, exit_date) VALUES('AT', '1995-01-01', '1999-01-01', '2007-12-01', '');
INSERT INTO membership (country_code, union_date, euro_date, schengen_date, exit_date) VALUES('BE', '1958-01-01', '1999-01-01', '1995-03-26', '');
INSERT INTO membership (country_code, union_date, euro_date, schengen_date, exit_date) VALUES('BG', '2007-01-01', '', '', '');
INSERT INTO membership (country_code, union_date, euro_date, schengen_date, exit_date) VALUES('HR', '2013-07-01', '', '', '');
INSERT INTO membership (country_code, union_date, euro_date, schengen_date, exit_date) VALUES('CY', '2004-05-01', '2008-01-01', '', '');
INSERT INTO membership (country_code, union_date, euro_date, schengen_date, exit_date) VALUES('CZ', '2004-05-01', '', '2007-12-21', '');
INSERT INTO membership (country_code, union_date, euro_date, schengen_date, exit_date) VALUES('DK', '1973-01-01', '', '2001-03-25', '');
INSERT INTO membership (country_code, union_date, euro_date, schengen_date, exit_date) VALUES('EE', '2004-01-01', '2011-01-01', '2007-12-21', '');
INSERT INTO membership (country_code, union_date, euro_date, schengen_date, exit_date) VALUES('FI', '1995-01-01', '1999-01-01', '2001-03-25', '');
INSERT INTO membership (country_code, union_date, euro_date, schengen_date, exit_date) VALUES('FR', '1958-01-01', '1999-01-01', '1995-03-26', '');
INSERT INTO membership (country_code, union_date, euro_date, schengen_date, exit_date) VALUES('DE', '1958-01-01', '1999-01-01', '1995-03-26', '');
INSERT INTO membership (country_code, union_date, euro_date, schengen_date, exit_date) VALUES('EL', '1981-01-01', '2001-01-01', '2000-01-01', '');
INSERT INTO membership (country_code, union_date, euro_date, schengen_date, exit_date) VALUES('HU', '2004-01-01', '', '2007-12-21', '');
INSERT INTO membership (country_code, union_date, euro_date, schengen_date, exit_date) VALUES('IE', '1973-01-01', '1999-01-01', '', '');
INSERT INTO membership (country_code, union_date, euro_date, schengen_date, exit_date) VALUES('IT', '1958-01-01', '1999-01-01', '1997-10-26', '');
INSERT INTO membership (country_code, union_date, euro_date, schengen_date, exit_date) VALUES('LV', '2004-05-01', '2014-01-01', '2007-12-21', '');
INSERT INTO membership (country_code, union_date, euro_date, schengen_date, exit_date) VALUES('LT', '2004-05-01', '2015-01-01', '2007-12-21', '');
INSERT INTO membership (country_code, union_date, euro_date, schengen_date, exit_date) VALUES('LU', '1958-01-01', '1999-01-01', '1995-03-26', '');
INSERT INTO membership (country_code, union_date, euro_date, schengen_date, exit_date) VALUES('MT', '2004-05-01', '2008-01-01', '2007-12-21', '');
INSERT INTO membership (country_code, union_date, euro_date, schengen_date, exit_date) VALUES('NL', '1958-01-01', '1999-01-01', '1995-03-26', '');
INSERT INTO membership (country_code, union_date, euro_date, schengen_date, exit_date) VALUES('PL', '2004-05-01', '', '2007-12-21', '');
INSERT INTO membership (country_code, union_date, euro_date, schengen_date, exit_date) VALUES('PT', '1986-01-01', '1999-01-01', '1995-03-26', '');
INSERT INTO membership (country_code, union_date, euro_date, schengen_date, exit_date) VALUES('RO', '2007-01-01', '', '', '');
INSERT INTO membership (country_code, union_date, euro_date, schengen_date, exit_date) VALUES('SK', '2004-05-01', '2009-01-01', '2007-12-21', '');
INSERT INTO membership (country_code, union_date, euro_date, schengen_date, exit_date) VALUES('SI', '2004-05-01', '2007-01-01', '2007-12-21', '');
INSERT INTO membership (country_code, union_date, euro_date, schengen_date, exit_date) VALUES('ES', '1986-01-01', '1999-01-01', '1995-03-26', '');
INSERT INTO membership (country_code, union_date, euro_date, schengen_date, exit_date) VALUES('SE', '1995-01-01', '', '2001-03-25', '');
INSERT INTO membership (country_code, union_date, euro_date, schengen_date, exit_date) VALUES('GB', '1973-01-01', '', '', '2020-01-31');
